city,sickCount,actualSick,verifiedLast7Days,testLast7Days,status,lastUpdate,date
ביתר עילית,950,626,356,7369,"נדרשים הסברה, בדיקות ואכיפת בידוד",2020-07-14T07:14:06.710Z,2020-07-14T07:14:06.710Z
עמנואל,30,15, קטן מ-15 ,305,"נדרשים הסברה, בדיקות ואכיפת בידוד",2020-07-14T07:14:06.710Z,2020-07-14T07:14:06.710Z
ירושלים,7102,2978,1189,139649,נדרשת הגדלה של מספר הבדיקות,2020-07-14T07:14:06.710Z,2020-07-14T07:14:06.710Z
תל אביב - יפו,2579,1723,574,74165,נדרשת הגדלה של מספר הבדיקות,2020-07-14T07:14:06.710Z,2020-07-14T07:14:06.710Z
בני ברק,4716,1552,594,49576,נדרשת הגדלה של מספר הבדיקות,2020-07-14T07:14:06.710Z,2020-07-14T07:14:06.710Z
אשדוד,1418,1013,283,34916,נדרשת הגדלה של מספר הבדיקות,2020-07-14T07:14:06.710Z,2020-07-14T07:14:06.710Z
בית שמש,1003,434,186,13688,נדרשת הגדלה של מספר הבדיקות,2020-07-14T07:14:06.710Z,2020-07-14T07:14:06.710Z
לוד,518,397,218,10302,נדרשת הגדלה של מספר הבדיקות,2020-07-14T07:14:06.710Z,2020-07-14T07:14:06.710Z
קרית מלאכי,308,246,135,4232,נדרשת הגדלה של מספר הבדיקות,2020-07-14T07:14:06.710Z,2020-07-14T07:14:06.710Z
כסיפה,117,103,63,1560,נדרשת הגדלה של מספר הבדיקות,2020-07-14T07:14:06.710Z,2020-07-14T07:14:06.710Z
גן יבנה,103,72,46,2630,נדרשת הגדלה של מספר הבדיקות,2020-07-14T07:14:06.710Z,2020-07-14T07:14:06.710Z
גבעת זאב,116,57,34,2915,נדרשת הגדלה של מספר הבדיקות,2020-07-14T07:14:06.710Z,2020-07-14T07:14:06.710Z
קלנסווה,68,54,40,2197,נדרשת הגדלה של מספר הבדיקות,2020-07-14T07:14:06.710Z,2020-07-14T07:14:06.710Z
יבנאל,72,54,29,582,נדרשת הגדלה של מספר הבדיקות,2020-07-14T07:14:06.710Z,2020-07-14T07:14:06.710Z
קרית שמונה,64,48,37,2087,נדרשת הגדלה של מספר הבדיקות,2020-07-14T07:14:06.710Z,2020-07-14T07:14:06.710Z
כוכב יעקב,89,29, קטן מ-15 ,948,נדרשת הגדלה של מספר הבדיקות,2020-07-14T07:14:06.710Z,2020-07-14T07:14:06.710Z
"כפר חב""ד",72,28,22,1336,נדרשת הגדלה של מספר הבדיקות,2020-07-14T07:14:06.710Z,2020-07-14T07:14:06.710Z
יפיע,28,23, קטן מ-15 ,1019,נדרשת הגדלה של מספר הבדיקות,2020-07-14T07:14:06.710Z,2020-07-14T07:14:06.710Z
שערי תקווה,16, קטן מ-15 , קטן מ-15 ,631,נדרשת הגדלה של מספר הבדיקות,2020-07-14T07:14:06.710Z,2020-07-14T07:14:06.710Z
כוכב השחר,23, קטן מ-15 , קטן מ-15 ,281,נדרשת הגדלה של מספר הבדיקות,2020-07-14T07:14:06.710Z,2020-07-14T07:14:06.710Z
נוף הגליל,47, קטן מ-15 , קטן מ-15 ,4389,נדרשת הגדלה של מספר הבדיקות,2020-07-14T07:14:06.710Z,2020-07-14T07:14:06.710Z
אכסאל,21, קטן מ-15 , קטן מ-15 ,855,נדרשת הגדלה של מספר הבדיקות,2020-07-14T07:14:06.710Z,2020-07-14T07:14:06.710Z
פתח תקווה,978,570,233,36626,"נדרשת הידברות, הסברה ואכיפה",2020-07-14T07:14:06.710Z,2020-07-14T07:14:06.710Z
בת ים,775,493,102,22747,"נדרשת הידברות, הסברה ואכיפה",2020-07-14T07:14:06.710Z,2020-07-14T07:14:06.710Z
ראשון לציון,750,438,199,32746,"נדרשת הידברות, הסברה ואכיפה",2020-07-14T07:14:06.710Z,2020-07-14T07:14:06.710Z
חולון,655,389,159,27542,"נדרשת הידברות, הסברה ואכיפה",2020-07-14T07:14:06.710Z,2020-07-14T07:14:06.710Z
נתניה,620,356,153,24703,"נדרשת הידברות, הסברה ואכיפה",2020-07-14T07:14:06.710Z,2020-07-14T07:14:06.710Z
מודיעין עילית,806,342,152,11304,"נדרשת הידברות, הסברה ואכיפה",2020-07-14T07:14:06.710Z,2020-07-14T07:14:06.710Z
באר שבע,614,324,104,33994,"נדרשת הידברות, הסברה ואכיפה",2020-07-14T07:14:06.710Z,2020-07-14T07:14:06.710Z
רמת גן,530,304,141,23253,"נדרשת הידברות, הסברה ואכיפה",2020-07-14T07:14:06.710Z,2020-07-14T07:14:06.710Z
רמלה,389,292,110,10643,"נדרשת הידברות, הסברה ואכיפה",2020-07-14T07:14:06.710Z,2020-07-14T07:14:06.710Z
רחובות,441,276,121,20826,"נדרשת הידברות, הסברה ואכיפה",2020-07-14T07:14:06.710Z,2020-07-14T07:14:06.710Z
חיפה,524,273,135,31495,"נדרשת הידברות, הסברה ואכיפה",2020-07-14T07:14:06.710Z,2020-07-14T07:14:06.710Z
קרית גת,325,242,75,7997,"נדרשת הידברות, הסברה ואכיפה",2020-07-14T07:14:06.710Z,2020-07-14T07:14:06.710Z
רהט,393,236,49,8117,"נדרשת הידברות, הסברה ואכיפה",2020-07-14T07:14:06.710Z,2020-07-14T07:14:06.710Z
טבריה,436,220,64,9127,"נדרשת הידברות, הסברה ואכיפה",2020-07-14T07:14:06.710Z,2020-07-14T07:14:06.710Z
רעננה,372,218,72,12781,"נדרשת הידברות, הסברה ואכיפה",2020-07-14T07:14:06.710Z,2020-07-14T07:14:06.710Z
דימונה,251,217,40,8722,"נדרשת הידברות, הסברה ואכיפה",2020-07-14T07:14:06.710Z,2020-07-14T07:14:06.710Z
אלעד,638,203,69,8161,"נדרשת הידברות, הסברה ואכיפה",2020-07-14T07:14:06.710Z,2020-07-14T07:14:06.710Z
מודיעין-מכבים-רעות,334,203,106,12181,"נדרשת הידברות, הסברה ואכיפה",2020-07-14T07:14:06.710Z,2020-07-14T07:14:06.710Z
הרצליה,341,198,88,13727,"נדרשת הידברות, הסברה ואכיפה",2020-07-14T07:14:06.710Z,2020-07-14T07:14:06.710Z
אור יהודה,344,178,76,6565,"נדרשת הידברות, הסברה ואכיפה",2020-07-14T07:14:06.710Z,2020-07-14T07:14:06.710Z
אשקלון,467,177,116,19035,"נדרשת הידברות, הסברה ואכיפה",2020-07-14T07:14:06.710Z,2020-07-14T07:14:06.710Z
ערערה-בנגב,299,169, קטן מ-15 ,3951,"נדרשת הידברות, הסברה ואכיפה",2020-07-14T07:14:06.710Z,2020-07-14T07:14:06.710Z
באקה אל-גרביה,206,153,51,4696,"נדרשת הידברות, הסברה ואכיפה",2020-07-14T07:14:06.710Z,2020-07-14T07:14:06.710Z
חדרה,220,142,58,17067,"נדרשת הידברות, הסברה ואכיפה",2020-07-14T07:14:06.710Z,2020-07-14T07:14:06.710Z
כפר קאסם,163,140,29,3569,"נדרשת הידברות, הסברה ואכיפה",2020-07-14T07:14:06.710Z,2020-07-14T07:14:06.710Z
כפר סבא,214,131,48,13447,"נדרשת הידברות, הסברה ואכיפה",2020-07-14T07:14:06.710Z,2020-07-14T07:14:06.710Z
ראש העין,193,129,64,7900,"נדרשת הידברות, הסברה ואכיפה",2020-07-14T07:14:06.710Z,2020-07-14T07:14:06.710Z
יבנה,173,112,52,6565,"נדרשת הידברות, הסברה ואכיפה",2020-07-14T07:14:06.710Z,2020-07-14T07:14:06.710Z
גבעתיים,161,106,38,7869,"נדרשת הידברות, הסברה ואכיפה",2020-07-14T07:14:06.710Z,2020-07-14T07:14:06.710Z
כפר קרע,133,106,64,2740,"נדרשת הידברות, הסברה ואכיפה",2020-07-14T07:14:06.710Z,2020-07-14T07:14:06.710Z
אילת,141,103,46,4934,"נדרשת הידברות, הסברה ואכיפה",2020-07-14T07:14:06.710Z,2020-07-14T07:14:06.710Z
הוד השרון,153,100,45,7510,"נדרשת הידברות, הסברה ואכיפה",2020-07-14T07:14:06.710Z,2020-07-14T07:14:06.710Z
נהריה,148,99,33,9396,"נדרשת הידברות, הסברה ואכיפה",2020-07-14T07:14:06.710Z,2020-07-14T07:14:06.710Z
קרית אתא,126,97,60,6687,"נדרשת הידברות, הסברה ואכיפה",2020-07-14T07:14:06.710Z,2020-07-14T07:14:06.710Z
בית שאן,106,92,22,2769,"נדרשת הידברות, הסברה ואכיפה",2020-07-14T07:14:06.710Z,2020-07-14T07:14:06.710Z
רמת השרון,137,90,45,5756,"נדרשת הידברות, הסברה ואכיפה",2020-07-14T07:14:06.710Z,2020-07-14T07:14:06.710Z
קרית אונו,140,84,30,5175,"נדרשת הידברות, הסברה ואכיפה",2020-07-14T07:14:06.710Z,2020-07-14T07:14:06.710Z
טייבה,134,83,44,4514,"נדרשת הידברות, הסברה ואכיפה",2020-07-14T07:14:06.710Z,2020-07-14T07:14:06.710Z
נס ציונה,113,81,53,5087,"נדרשת הידברות, הסברה ואכיפה",2020-07-14T07:14:06.710Z,2020-07-14T07:14:06.710Z
נתיבות,188,76,27,4734,"נדרשת הידברות, הסברה ואכיפה",2020-07-14T07:14:06.710Z,2020-07-14T07:14:06.710Z
רכסים,126,70,31,2017,"נדרשת הידברות, הסברה ואכיפה",2020-07-14T07:14:06.710Z,2020-07-14T07:14:06.710Z
מעלה אדומים,126,69,37,6614,"נדרשת הידברות, הסברה ואכיפה",2020-07-14T07:14:06.710Z,2020-07-14T07:14:06.710Z
אופקים,122,68,26,4680,"נדרשת הידברות, הסברה ואכיפה",2020-07-14T07:14:06.710Z,2020-07-14T07:14:06.710Z
אום אל-פחם,163,64,21,5035,"נדרשת הידברות, הסברה ואכיפה",2020-07-14T07:14:06.710Z,2020-07-14T07:14:06.710Z
ערד,82,59,30,2725,"נדרשת הידברות, הסברה ואכיפה",2020-07-14T07:14:06.710Z,2020-07-14T07:14:06.710Z
טירה,72,59, קטן מ-15 ,3382,"נדרשת הידברות, הסברה ואכיפה",2020-07-14T07:14:06.710Z,2020-07-14T07:14:06.710Z
פרדס חנה-כרכור,85,58,29,6872,"נדרשת הידברות, הסברה ואכיפה",2020-07-14T07:14:06.710Z,2020-07-14T07:14:06.710Z
נצרת,82,57,31,3573,"נדרשת הידברות, הסברה ואכיפה",2020-07-14T07:14:06.710Z,2020-07-14T07:14:06.710Z
באר יעקב,95,56,33,3337,"נדרשת הידברות, הסברה ואכיפה",2020-07-14T07:14:06.710Z,2020-07-14T07:14:06.710Z
יהוד,137,54,27,3743,"נדרשת הידברות, הסברה ואכיפה",2020-07-14T07:14:06.710Z,2020-07-14T07:14:06.710Z
גני תקווה,104,52,33,3249,"נדרשת הידברות, הסברה ואכיפה",2020-07-14T07:14:06.710Z,2020-07-14T07:14:06.710Z
גדרה,107,50,30,5137,"נדרשת הידברות, הסברה ואכיפה",2020-07-14T07:14:06.710Z,2020-07-14T07:14:06.710Z
ערערה,63,49,31,2439,"נדרשת הידברות, הסברה ואכיפה",2020-07-14T07:14:06.710Z,2020-07-14T07:14:06.710Z
שוהם,87,48,18,3234,"נדרשת הידברות, הסברה ואכיפה",2020-07-14T07:14:06.710Z,2020-07-14T07:14:06.710Z
עפולה,114,47, קטן מ-15 ,5494,"נדרשת הידברות, הסברה ואכיפה",2020-07-14T07:14:06.710Z,2020-07-14T07:14:06.710Z
צפת,153,45,20,4196,"נדרשת הידברות, הסברה ואכיפה",2020-07-14T07:14:06.710Z,2020-07-14T07:14:06.710Z
חורה,249,42, קטן מ-15 ,2390,"נדרשת הידברות, הסברה ואכיפה",2020-07-14T07:14:06.710Z,2020-07-14T07:14:06.710Z
ג'לג'וליה,54,41,23,1617,"נדרשת הידברות, הסברה ואכיפה",2020-07-14T07:14:06.710Z,2020-07-14T07:14:06.710Z
גבעת שמואל,91,41,24,3273,"נדרשת הידברות, הסברה ואכיפה",2020-07-14T07:14:06.710Z,2020-07-14T07:14:06.710Z
שדרות,102,37, קטן מ-15 ,4728,"נדרשת הידברות, הסברה ואכיפה",2020-07-14T07:14:06.710Z,2020-07-14T07:14:06.710Z
אור עקיבא,44,35,20,2344,"נדרשת הידברות, הסברה ואכיפה",2020-07-14T07:14:06.710Z,2020-07-14T07:14:06.710Z
עכו,64,32, קטן מ-15 ,5683,"נדרשת הידברות, הסברה ואכיפה",2020-07-14T07:14:06.710Z,2020-07-14T07:14:06.710Z
ג'ת,64,31, קטן מ-15 ,1975,"נדרשת הידברות, הסברה ואכיפה",2020-07-14T07:14:06.710Z,2020-07-14T07:14:06.710Z
קרית יערים,75,31, קטן מ-15 ,1201,"נדרשת הידברות, הסברה ואכיפה",2020-07-14T07:14:06.710Z,2020-07-14T07:14:06.710Z
מזכרת בתיה,50,30, קטן מ-15 ,2423,"נדרשת הידברות, הסברה ואכיפה",2020-07-14T07:14:06.710Z,2020-07-14T07:14:06.710Z
שפרעם,42,29,16,3258,"נדרשת הידברות, הסברה ואכיפה",2020-07-14T07:14:06.710Z,2020-07-14T07:14:06.710Z
נחף,40,29, קטן מ-15 ,1155,"נדרשת הידברות, הסברה ואכיפה",2020-07-14T07:14:06.710Z,2020-07-14T07:14:06.710Z
קדימה-צורן,46,28, קטן מ-15 ,1915,"נדרשת הידברות, הסברה ואכיפה",2020-07-14T07:14:06.710Z,2020-07-14T07:14:06.710Z
טמרה,51,27, קטן מ-15 ,2802,"נדרשת הידברות, הסברה ואכיפה",2020-07-14T07:14:06.710Z,2020-07-14T07:14:06.710Z
חריש,39,26,15,1428,"נדרשת הידברות, הסברה ואכיפה",2020-07-14T07:14:06.710Z,2020-07-14T07:14:06.710Z
אריאל,41,25, קטן מ-15 ,2158,"נדרשת הידברות, הסברה ואכיפה",2020-07-14T07:14:06.710Z,2020-07-14T07:14:06.710Z
מבשרת ציון,47,25, קטן מ-15 ,4568,"נדרשת הידברות, הסברה ואכיפה",2020-07-14T07:14:06.710Z,2020-07-14T07:14:06.710Z
אלפי מנשה,29,24, קטן מ-15 ,1155,"נדרשת הידברות, הסברה ואכיפה",2020-07-14T07:14:06.710Z,2020-07-14T07:14:06.710Z
סביון,27,23, קטן מ-15 ,866,"נדרשת הידברות, הסברה ואכיפה",2020-07-14T07:14:06.710Z,2020-07-14T07:14:06.710Z
אזור,59,22, קטן מ-15 ,1726,"נדרשת הידברות, הסברה ואכיפה",2020-07-14T07:14:06.710Z,2020-07-14T07:14:06.710Z
טירת כרמל,40,22, קטן מ-15 ,1946,"נדרשת הידברות, הסברה ואכיפה",2020-07-14T07:14:06.710Z,2020-07-14T07:14:06.710Z
תפרח,26,22, קטן מ-15 ,309,"נדרשת הידברות, הסברה ואכיפה",2020-07-14T07:14:06.710Z,2020-07-14T07:14:06.710Z
ג'סר א-זרקא,66,21, קטן מ-15 ,3433,"נדרשת הידברות, הסברה ואכיפה",2020-07-14T07:14:06.710Z,2020-07-14T07:14:06.710Z
לקיה,33,19, קטן מ-15 ,1250,"נדרשת הידברות, הסברה ואכיפה",2020-07-14T07:14:06.710Z,2020-07-14T07:14:06.710Z
כפר יונה,35,19, קטן מ-15 ,2021,"נדרשת הידברות, הסברה ואכיפה",2020-07-14T07:14:06.710Z,2020-07-14T07:14:06.710Z
קרית ביאליק,36,18, קטן מ-15 ,3752,"נדרשת הידברות, הסברה ואכיפה",2020-07-14T07:14:06.710Z,2020-07-14T07:14:06.710Z
כפר ברא,21,17, קטן מ-15 ,592,"נדרשת הידברות, הסברה ואכיפה",2020-07-14T07:14:06.710Z,2020-07-14T07:14:06.710Z
תל שבע,22,17, קטן מ-15 ,984,"נדרשת הידברות, הסברה ואכיפה",2020-07-14T07:14:06.710Z,2020-07-14T07:14:06.710Z
קרית ים,44,17, קטן מ-15 ,3785,"נדרשת הידברות, הסברה ואכיפה",2020-07-14T07:14:06.710Z,2020-07-14T07:14:06.710Z
אבן יהודה,51,17, קטן מ-15 ,1983,"נדרשת הידברות, הסברה ואכיפה",2020-07-14T07:14:06.710Z,2020-07-14T07:14:06.710Z
קרית מוצקין,40,16, קטן מ-15 ,5459,"נדרשת הידברות, הסברה ואכיפה",2020-07-14T07:14:06.710Z,2020-07-14T07:14:06.710Z
בית דגן,27,16, קטן מ-15 ,802,"נדרשת הידברות, הסברה ואכיפה",2020-07-14T07:14:06.710Z,2020-07-14T07:14:06.710Z
יד בנימין,23,15, קטן מ-15 ,836,"נדרשת הידברות, הסברה ואכיפה",2020-07-14T07:14:06.710Z,2020-07-14T07:14:06.710Z
כרמיאל,70,15, קטן מ-15 ,4987,"נדרשת הידברות, הסברה ואכיפה",2020-07-14T07:14:06.710Z,2020-07-14T07:14:06.710Z
בית אריה,28,15, קטן מ-15 ,671,"נדרשת הידברות, הסברה ואכיפה",2020-07-14T07:14:06.710Z,2020-07-14T07:14:06.710Z
ראמה,16, קטן מ-15 , קטן מ-15 ,812,"נדרשת הידברות, הסברה ואכיפה",2020-07-14T07:14:06.710Z,2020-07-14T07:14:06.710Z
מגדל העמק,112, קטן מ-15 , קטן מ-15 ,2831,"נדרשת הידברות, הסברה ואכיפה",2020-07-14T07:14:06.710Z,2020-07-14T07:14:06.710Z
מג'ד אל-כרום,34, קטן מ-15 , קטן מ-15 ,2520,"נדרשת הידברות, הסברה ואכיפה",2020-07-14T07:14:06.710Z,2020-07-14T07:14:06.710Z
חצור הגלילית,17, קטן מ-15 , קטן מ-15 ,827,"נדרשת הידברות, הסברה ואכיפה",2020-07-14T07:14:06.710Z,2020-07-14T07:14:06.710Z
סאג'ור,16, קטן מ-15 ,0,727,"נדרשת הידברות, הסברה ואכיפה",2020-07-14T07:14:06.710Z,2020-07-14T07:14:06.710Z
ג'דיידה-מכר,15, קטן מ-15 , קטן מ-15 ,1547,"נדרשת הידברות, הסברה ואכיפה",2020-07-14T07:14:06.710Z,2020-07-14T07:14:06.710Z
קרית עקרון,24, קטן מ-15 , קטן מ-15 ,1118,"נדרשת הידברות, הסברה ואכיפה",2020-07-14T07:14:06.710Z,2020-07-14T07:14:06.710Z
בענה,48, קטן מ-15 , קטן מ-15 ,2171,"נדרשת הידברות, הסברה ואכיפה",2020-07-14T07:14:06.710Z,2020-07-14T07:14:06.710Z
זכרון יעקב,53, קטן מ-15 , קטן מ-15 ,1888,"נדרשת הידברות, הסברה ואכיפה",2020-07-14T07:14:06.710Z,2020-07-14T07:14:06.710Z
כאבול,16, קטן מ-15 , קטן מ-15 ,1419,"נדרשת הידברות, הסברה ואכיפה",2020-07-14T07:14:06.710Z,2020-07-14T07:14:06.710Z
צור הדסה,20, קטן מ-15 , קטן מ-15 ,1856,"נדרשת הידברות, הסברה ואכיפה",2020-07-14T07:14:06.710Z,2020-07-14T07:14:06.710Z
כפר יאסיף,18, קטן מ-15 , קטן מ-15 ,1330,"נדרשת הידברות, הסברה ואכיפה",2020-07-14T07:14:06.710Z,2020-07-14T07:14:06.710Z
להבים,34, קטן מ-15 , קטן מ-15 ,1757,"נדרשת הידברות, הסברה ואכיפה",2020-07-14T07:14:06.710Z,2020-07-14T07:14:06.710Z
בית ג'ן,15, קטן מ-15 , קטן מ-15 ,800,"נדרשת הידברות, הסברה ואכיפה",2020-07-14T07:14:06.710Z,2020-07-14T07:14:06.710Z
נשר,15, קטן מ-15 , קטן מ-15 ,2717,"נדרשת הידברות, הסברה ואכיפה",2020-07-14T07:14:06.710Z,2020-07-14T07:14:06.710Z
מעלה עירון,27, קטן מ-15 , קטן מ-15 ,1275,"נדרשת הידברות, הסברה ואכיפה",2020-07-14T07:14:06.710Z,2020-07-14T07:14:06.710Z
קיסריה, קטן מ-15 , קטן מ-15 , קטן מ-15 ,516,,2020-07-14T07:14:06.710Z,2020-07-14T07:14:06.710Z
עספיא, קטן מ-15 , קטן מ-15 , קטן מ-15 ,994,,2020-07-14T07:14:06.710Z,2020-07-14T07:14:06.710Z
זמר, קטן מ-15 , קטן מ-15 , קטן מ-15 ,772,,2020-07-14T07:14:06.710Z,2020-07-14T07:14:06.710Z
זרזיר, קטן מ-15 , קטן מ-15 , קטן מ-15 ,274,,2020-07-14T07:14:06.710Z,2020-07-14T07:14:06.710Z
ניצן, קטן מ-15 , קטן מ-15 , קטן מ-15 ,306,,2020-07-14T07:14:06.710Z,2020-07-14T07:14:06.710Z
קרית ארבע,18, קטן מ-15 , קטן מ-15 ,701,,2020-07-14T07:14:06.710Z,2020-07-14T07:14:06.710Z
שילה, קטן מ-15 , קטן מ-15 , קטן מ-15 ,268,,2020-07-14T07:14:06.710Z,2020-07-14T07:14:06.710Z
שלומי,20, קטן מ-15 , קטן מ-15 ,1293,,2020-07-14T07:14:06.710Z,2020-07-14T07:14:06.710Z
קרית טבעון, קטן מ-15 , קטן מ-15 , קטן מ-15 ,1541,,2020-07-14T07:14:06.710Z,2020-07-14T07:14:06.710Z
שעב, קטן מ-15 , קטן מ-15 ,0,1481,,2020-07-14T07:14:06.710Z,2020-07-14T07:14:06.710Z
עפרה,19, קטן מ-15 , קטן מ-15 ,392,,2020-07-14T07:14:06.710Z,2020-07-14T07:14:06.710Z
טלמון, קטן מ-15 , קטן מ-15 ,0,305,,2020-07-14T07:14:06.710Z,2020-07-14T07:14:06.710Z
עראבה, קטן מ-15 , קטן מ-15 , קטן מ-15 ,1320,,2020-07-14T07:14:06.710Z,2020-07-14T07:14:06.710Z
מתן, קטן מ-15 , קטן מ-15 , קטן מ-15 ,312,,2020-07-14T07:14:06.710Z,2020-07-14T07:14:06.710Z
תקוע, קטן מ-15 , קטן מ-15 , קטן מ-15 ,525,,2020-07-14T07:14:06.710Z,2020-07-14T07:14:06.710Z
מבוא חורון, קטן מ-15 , קטן מ-15 , קטן מ-15 ,281,,2020-07-14T07:14:06.710Z,2020-07-14T07:14:06.710Z
יקיר, קטן מ-15 , קטן מ-15 ,0,183,,2020-07-14T07:14:06.710Z,2020-07-14T07:14:06.710Z
ירוחם,19, קטן מ-15 , קטן מ-15 ,1094,,2020-07-14T07:14:06.710Z,2020-07-14T07:14:06.710Z
ירכא, קטן מ-15 , קטן מ-15 , קטן מ-15 ,1602,,2020-07-14T07:14:06.710Z,2020-07-14T07:14:06.710Z
קרני שומרון, קטן מ-15 , קטן מ-15 , קטן מ-15 ,714,,2020-07-14T07:14:06.710Z,2020-07-14T07:14:06.710Z
כפר תבור, קטן מ-15 , קטן מ-15 , קטן מ-15 ,386,,2020-07-14T07:14:06.710Z,2020-07-14T07:14:06.710Z
כפר כנא,21, קטן מ-15 , קטן מ-15 ,1737,,2020-07-14T07:14:06.710Z,2020-07-14T07:14:06.710Z
city,sickCount,actualSick,verifiedLast7Days,testLast7Days,status,lastUpdate,date
בני ברק,6486,2779,1029,5189,"נדרשים הסברה, בדיקות ואכיפת בידוד",2020-07-26T07:34:22.503Z,2020-07-26T07:34:22.503Z
ביתר עילית,1642,1058,303,1495,"נדרשים הסברה, בדיקות ואכיפת בידוד",2020-07-26T07:34:22.503Z,2020-07-26T07:34:22.503Z
בית שמש,1720,921,430,2140,"נדרשים הסברה, בדיקות ואכיפת בידוד",2020-07-26T07:34:22.503Z,2020-07-26T07:34:22.503Z
אלעד,991,476,231,1006,"נדרשים הסברה, בדיקות ואכיפת בידוד",2020-07-26T07:34:22.503Z,2020-07-26T07:34:22.503Z
קלנסווה,422,400,248,1567,"נדרשים הסברה, בדיקות ואכיפת בידוד",2020-07-26T07:34:22.503Z,2020-07-26T07:34:22.503Z
ירושלים,10346,5005,1797,15358,נדרשת הגדלה של מספר הבדיקות,2020-07-26T07:34:22.503Z,2020-07-26T07:34:22.503Z
תל אביב - יפו,3394,2106,412,7440,נדרשת הגדלה של מספר הבדיקות,2020-07-26T07:34:22.503Z,2020-07-26T07:34:22.503Z
מודיעין עילית,1231,595,260,1196,נדרשת הגדלה של מספר הבדיקות,2020-07-26T07:34:22.503Z,2020-07-26T07:34:22.503Z
נצרת,268,230,124,845,נדרשת הגדלה של מספר הבדיקות,2020-07-26T07:34:22.503Z,2020-07-26T07:34:22.503Z
טייבה,296,213,119,704,נדרשת הגדלה של מספר הבדיקות,2020-07-26T07:34:22.503Z,2020-07-26T07:34:22.503Z
רכסים,203,123,45,320,נדרשת הגדלה של מספר הבדיקות,2020-07-26T07:34:22.503Z,2020-07-26T07:34:22.503Z
עין מאהל,112,104,70,425,נדרשת הגדלה של מספר הבדיקות,2020-07-26T07:34:22.503Z,2020-07-26T07:34:22.503Z
יפיע,78,66,38,195,נדרשת הגדלה של מספר הבדיקות,2020-07-26T07:34:22.503Z,2020-07-26T07:34:22.503Z
יבנאל,91,56, קטן מ-15 ,66,נדרשת הגדלה של מספר הבדיקות,2020-07-26T07:34:22.503Z,2020-07-26T07:34:22.503Z
כפר מנדא,55,55,40,242,נדרשת הגדלה של מספר הבדיקות,2020-07-26T07:34:22.503Z,2020-07-26T07:34:22.503Z
בנימינה-גבעת עדה,43,34,23,218,נדרשת הגדלה של מספר הבדיקות,2020-07-26T07:34:22.503Z,2020-07-26T07:34:22.503Z
שלומי,36,24, קטן מ-15 ,91,נדרשת הגדלה של מספר הבדיקות,2020-07-26T07:34:22.503Z,2020-07-26T07:34:22.503Z
כפר כנא,41,22,18,209,נדרשת הגדלה של מספר הבדיקות,2020-07-26T07:34:22.503Z,2020-07-26T07:34:22.503Z
חשמונאים,27,22, קטן מ-15 ,66,נדרשת הגדלה של מספר הבדיקות,2020-07-26T07:34:22.503Z,2020-07-26T07:34:22.503Z
גבע בנימין,34,22, קטן מ-15 ,79,נדרשת הגדלה של מספר הבדיקות,2020-07-26T07:34:22.503Z,2020-07-26T07:34:22.503Z
אעבלין,23,21, קטן מ-15 ,154,נדרשת הגדלה של מספר הבדיקות,2020-07-26T07:34:22.503Z,2020-07-26T07:34:22.503Z
עראבה,31,20,15,300,נדרשת הגדלה של מספר הבדיקות,2020-07-26T07:34:22.503Z,2020-07-26T07:34:22.503Z
טלמון,21,17, קטן מ-15 ,92,נדרשת הגדלה של מספר הבדיקות,2020-07-26T07:34:22.503Z,2020-07-26T07:34:22.503Z
זמר,23,16, קטן מ-15 ,121,נדרשת הגדלה של מספר הבדיקות,2020-07-26T07:34:22.503Z,2020-07-26T07:34:22.503Z
הושעיה,18,15, קטן מ-15 ,35,נדרשת הגדלה של מספר הבדיקות,2020-07-26T07:34:22.503Z,2020-07-26T07:34:22.503Z
אלקנה,24,15, קטן מ-15 ,81,נדרשת הגדלה של מספר הבדיקות,2020-07-26T07:34:22.503Z,2020-07-26T07:34:22.503Z
קרני שומרון,21, קטן מ-15 , קטן מ-15 ,105,נדרשת הגדלה של מספר הבדיקות,2020-07-26T07:34:22.503Z,2020-07-26T07:34:22.503Z
אבו גוש,17, קטן מ-15 , קטן מ-15 ,102,נדרשת הגדלה של מספר הבדיקות,2020-07-26T07:34:22.503Z,2020-07-26T07:34:22.503Z
עין נקובא, קטן מ-15 , קטן מ-15 , קטן מ-15 ,54,נדרשת הגדלה של מספר הבדיקות,2020-07-26T07:34:22.503Z,2020-07-26T07:34:22.503Z
מרכז שפירא,27, קטן מ-15 , קטן מ-15 ,48,נדרשת הגדלה של מספר הבדיקות,2020-07-26T07:34:22.503Z,2020-07-26T07:34:22.503Z
פתח תקווה,1605,1025,337,4860,"נדרשת הידברות, הסברה ואכיפה",2020-07-26T07:34:22.503Z,2020-07-26T07:34:22.503Z
אשדוד,1982,1022,276,4240,"נדרשת הידברות, הסברה ואכיפה",2020-07-26T07:34:22.503Z,2020-07-26T07:34:22.503Z
חולון,1095,716,259,3155,"נדרשת הידברות, הסברה ואכיפה",2020-07-26T07:34:22.503Z,2020-07-26T07:34:22.503Z
לוד,917,687,171,1679,"נדרשת הידברות, הסברה ואכיפה",2020-07-26T07:34:22.503Z,2020-07-26T07:34:22.503Z
ראשון לציון,1123,661,183,4405,"נדרשת הידברות, הסברה ואכיפה",2020-07-26T07:34:22.503Z,2020-07-26T07:34:22.503Z
באר שבע,961,609,234,4303,"נדרשת הידברות, הסברה ואכיפה",2020-07-26T07:34:22.503Z,2020-07-26T07:34:22.503Z
חיפה,972,608,249,4041,"נדרשת הידברות, הסברה ואכיפה",2020-07-26T07:34:22.503Z,2020-07-26T07:34:22.503Z
בת ים,998,520,133,2325,"נדרשת הידברות, הסברה ואכיפה",2020-07-26T07:34:22.503Z,2020-07-26T07:34:22.503Z
נתניה,900,519,159,2658,"נדרשת הידברות, הסברה ואכיפה",2020-07-26T07:34:22.503Z,2020-07-26T07:34:22.503Z
רמלה,664,463,144,1634,"נדרשת הידברות, הסברה ואכיפה",2020-07-26T07:34:22.503Z,2020-07-26T07:34:22.503Z
רמת גן,775,451,122,2498,"נדרשת הידברות, הסברה ואכיפה",2020-07-26T07:34:22.503Z,2020-07-26T07:34:22.503Z
אשקלון,805,450,188,2901,"נדרשת הידברות, הסברה ואכיפה",2020-07-26T07:34:22.503Z,2020-07-26T07:34:22.503Z
רחובות,716,424,136,2156,"נדרשת הידברות, הסברה ואכיפה",2020-07-26T07:34:22.503Z,2020-07-26T07:34:22.503Z
קרית גת,560,356,89,1397,"נדרשת הידברות, הסברה ואכיפה",2020-07-26T07:34:22.503Z,2020-07-26T07:34:22.503Z
רעננה,487,286,48,1208,"נדרשת הידברות, הסברה ואכיפה",2020-07-26T07:34:22.503Z,2020-07-26T07:34:22.503Z
מודיעין-מכבים-רעות,471,280,72,1153,"נדרשת הידברות, הסברה ואכיפה",2020-07-26T07:34:22.503Z,2020-07-26T07:34:22.503Z
קרית מלאכי,420,277,54,450,"נדרשת הידברות, הסברה ואכיפה",2020-07-26T07:34:22.503Z,2020-07-26T07:34:22.503Z
רהט,518,273,47,668,"נדרשת הידברות, הסברה ואכיפה",2020-07-26T07:34:22.503Z,2020-07-26T07:34:22.503Z
הרצליה,451,255,55,1465,"נדרשת הידברות, הסברה ואכיפה",2020-07-26T07:34:22.503Z,2020-07-26T07:34:22.503Z
טבריה,544,237,65,862,"נדרשת הידברות, הסברה ואכיפה",2020-07-26T07:34:22.503Z,2020-07-26T07:34:22.503Z
אור יהודה,445,229,53,734,"נדרשת הידברות, הסברה ואכיפה",2020-07-26T07:34:22.503Z,2020-07-26T07:34:22.503Z
אילת,277,225,79,827,"נדרשת הידברות, הסברה ואכיפה",2020-07-26T07:34:22.503Z,2020-07-26T07:34:22.503Z
דימונה,319,222,42,829,"נדרשת הידברות, הסברה ואכיפה",2020-07-26T07:34:22.503Z,2020-07-26T07:34:22.503Z
כפר סבא,336,221,66,1671,"נדרשת הידברות, הסברה ואכיפה",2020-07-26T07:34:22.503Z,2020-07-26T07:34:22.503Z
ראש העין,307,214,65,957,"נדרשת הידברות, הסברה ואכיפה",2020-07-26T07:34:22.503Z,2020-07-26T07:34:22.503Z
באקה אל-גרביה,298,201,49,559,"נדרשת הידברות, הסברה ואכיפה",2020-07-26T07:34:22.503Z,2020-07-26T07:34:22.503Z
קרית אתא,241,189,63,1047,"נדרשת הידברות, הסברה ואכיפה",2020-07-26T07:34:22.503Z,2020-07-26T07:34:22.503Z
חדרה,325,176,54,1642,"נדרשת הידברות, הסברה ואכיפה",2020-07-26T07:34:22.503Z,2020-07-26T07:34:22.503Z
נס ציונה,232,175,53,733,"נדרשת הידברות, הסברה ואכיפה",2020-07-26T07:34:22.503Z,2020-07-26T07:34:22.503Z
יבנה,260,168,34,648,"נדרשת הידברות, הסברה ואכיפה",2020-07-26T07:34:22.503Z,2020-07-26T07:34:22.503Z
נתיבות,306,162,79,811,"נדרשת הידברות, הסברה ואכיפה",2020-07-26T07:34:22.503Z,2020-07-26T07:34:22.503Z
גן יבנה,218,152,29,441,"נדרשת הידברות, הסברה ואכיפה",2020-07-26T07:34:22.503Z,2020-07-26T07:34:22.503Z
כפר קאסם,208,150,25,191,"נדרשת הידברות, הסברה ואכיפה",2020-07-26T07:34:22.503Z,2020-07-26T07:34:22.503Z
גבעתיים,222,135,25,637,"נדרשת הידברות, הסברה ואכיפה",2020-07-26T07:34:22.503Z,2020-07-26T07:34:22.503Z
נהריה,227,131,33,838,"נדרשת הידברות, הסברה ואכיפה",2020-07-26T07:34:22.503Z,2020-07-26T07:34:22.503Z
רמת השרון,193,130,31,570,"נדרשת הידברות, הסברה ואכיפה",2020-07-26T07:34:22.503Z,2020-07-26T07:34:22.503Z
כפר קרע,193,127,22,353,"נדרשת הידברות, הסברה ואכיפה",2020-07-26T07:34:22.503Z,2020-07-26T07:34:22.503Z
הוד השרון,210,127,35,983,"נדרשת הידברות, הסברה ואכיפה",2020-07-26T07:34:22.503Z,2020-07-26T07:34:22.503Z
גבעת זאב,206,125,44,343,"נדרשת הידברות, הסברה ואכיפה",2020-07-26T07:34:22.503Z,2020-07-26T07:34:22.503Z
אופקים,202,125,24,638,"נדרשת הידברות, הסברה ואכיפה",2020-07-26T07:34:22.503Z,2020-07-26T07:34:22.503Z
אום אל-פחם,250,123,56,521,"נדרשת הידברות, הסברה ואכיפה",2020-07-26T07:34:22.503Z,2020-07-26T07:34:22.503Z
אור עקיבא,135,122,27,521,"נדרשת הידברות, הסברה ואכיפה",2020-07-26T07:34:22.503Z,2020-07-26T07:34:22.503Z
בית שאן,159,118,32,324,"נדרשת הידברות, הסברה ואכיפה",2020-07-26T07:34:22.503Z,2020-07-26T07:34:22.503Z
פרדס חנה-כרכור,160,106,20,507,"נדרשת הידברות, הסברה ואכיפה",2020-07-26T07:34:22.503Z,2020-07-26T07:34:22.503Z
קרית אונו,183,101,21,594,"נדרשת הידברות, הסברה ואכיפה",2020-07-26T07:34:22.503Z,2020-07-26T07:34:22.503Z
כסיפה,153,100, קטן מ-15 ,134,"נדרשת הידברות, הסברה ואכיפה",2020-07-26T07:34:22.503Z,2020-07-26T07:34:22.503Z
מעלה אדומים,189,99,22,482,"נדרשת הידברות, הסברה ואכיפה",2020-07-26T07:34:22.503Z,2020-07-26T07:34:22.503Z
ערד,133,98, קטן מ-15 ,519,"נדרשת הידברות, הסברה ואכיפה",2020-07-26T07:34:22.503Z,2020-07-26T07:34:22.503Z
גבעת שמואל,158,94,38,403,"נדרשת הידברות, הסברה ואכיפה",2020-07-26T07:34:22.503Z,2020-07-26T07:34:22.503Z
ערערה-בנגב,317,88, קטן מ-15 ,116,"נדרשת הידברות, הסברה ואכיפה",2020-07-26T07:34:22.503Z,2020-07-26T07:34:22.503Z
יהוד,185,85,25,393,"נדרשת הידברות, הסברה ואכיפה",2020-07-26T07:34:22.503Z,2020-07-26T07:34:22.503Z
באר יעקב,143,84,19,435,"נדרשת הידברות, הסברה ואכיפה",2020-07-26T07:34:22.503Z,2020-07-26T07:34:22.503Z
טירה,110,83,27,350,"נדרשת הידברות, הסברה ואכיפה",2020-07-26T07:34:22.503Z,2020-07-26T07:34:22.503Z
גדרה,146,73, קטן מ-15 ,819,"נדרשת הידברות, הסברה ואכיפה",2020-07-26T07:34:22.503Z,2020-07-26T07:34:22.503Z
ג'סר א-זרקא,117,67,20,481,"נדרשת הידברות, הסברה ואכיפה",2020-07-26T07:34:22.503Z,2020-07-26T07:34:22.503Z
מזכרת בתיה,94,66,28,292,"נדרשת הידברות, הסברה ואכיפה",2020-07-26T07:34:22.503Z,2020-07-26T07:34:22.503Z
צפת,186,65, קטן מ-15 ,229,"נדרשת הידברות, הסברה ואכיפה",2020-07-26T07:34:22.503Z,2020-07-26T07:34:22.503Z
גני תקווה,129,62, קטן מ-15 ,252,"נדרשת הידברות, הסברה ואכיפה",2020-07-26T07:34:22.503Z,2020-07-26T07:34:22.503Z
עכו,108,62,25,731,"נדרשת הידברות, הסברה ואכיפה",2020-07-26T07:34:22.503Z,2020-07-26T07:34:22.503Z
קרית מוצקין,92,61,22,920,"נדרשת הידברות, הסברה ואכיפה",2020-07-26T07:34:22.503Z,2020-07-26T07:34:22.503Z
ג'לג'וליה,83,60, קטן מ-15 ,125,"נדרשת הידברות, הסברה ואכיפה",2020-07-26T07:34:22.503Z,2020-07-26T07:34:22.503Z
שוהם,112,59, קטן מ-15 ,267,"נדרשת הידברות, הסברה ואכיפה",2020-07-26T07:34:22.503Z,2020-07-26T07:34:22.503Z
קרית שמונה,83,58, קטן מ-15 ,223,"נדרשת הידברות, הסברה ואכיפה",2020-07-26T07:34:22.503Z,2020-07-26T07:34:22.503Z
ערערה,84,53, קטן מ-15 ,242,"נדרשת הידברות, הסברה ואכיפה",2020-07-26T07:34:22.503Z,2020-07-26T07:34:22.503Z
"כפר חב""ד",106,53,15,120,"נדרשת הידברות, הסברה ואכיפה",2020-07-26T07:34:22.503Z,2020-07-26T07:34:22.503Z
עפולה,141,51,17,473,"נדרשת הידברות, הסברה ואכיפה",2020-07-26T07:34:22.503Z,2020-07-26T07:34:22.503Z
אזור,95,50,24,238,"נדרשת הידברות, הסברה ואכיפה",2020-07-26T07:34:22.503Z,2020-07-26T07:34:22.503Z
ג'ת,99,48,21,278,"נדרשת הידברות, הסברה ואכיפה",2020-07-26T07:34:22.503Z,2020-07-26T07:34:22.503Z
טירת כרמל,69,47, קטן מ-15 ,256,"נדרשת הידברות, הסברה ואכיפה",2020-07-26T07:34:22.503Z,2020-07-26T07:34:22.503Z
שדרות,125,44,17,287,"נדרשת הידברות, הסברה ואכיפה",2020-07-26T07:34:22.503Z,2020-07-26T07:34:22.503Z
נחף,68,43, קטן מ-15 ,151,"נדרשת הידברות, הסברה ואכיפה",2020-07-26T07:34:22.503Z,2020-07-26T07:34:22.503Z
קרית ביאליק,68,43,19,552,"נדרשת הידברות, הסברה ואכיפה",2020-07-26T07:34:22.503Z,2020-07-26T07:34:22.503Z
קרית ים,75,43, קטן מ-15 ,536,"נדרשת הידברות, הסברה ואכיפה",2020-07-26T07:34:22.503Z,2020-07-26T07:34:22.503Z
מבשרת ציון,70,41, קטן מ-15 ,314,"נדרשת הידברות, הסברה ואכיפה",2020-07-26T07:34:22.503Z,2020-07-26T07:34:22.503Z
חורה,262,41, קטן מ-15 ,80,"נדרשת הידברות, הסברה ואכיפה",2020-07-26T07:34:22.503Z,2020-07-26T07:34:22.503Z
ירוחם,51,38,17,228,"נדרשת הידברות, הסברה ואכיפה",2020-07-26T07:34:22.503Z,2020-07-26T07:34:22.503Z
טמרה,67,37, קטן מ-15 ,347,"נדרשת הידברות, הסברה ואכיפה",2020-07-26T07:34:22.503Z,2020-07-26T07:34:22.503Z
נוף הגליל,73,37,15,372,"נדרשת הידברות, הסברה ואכיפה",2020-07-26T07:34:22.503Z,2020-07-26T07:34:22.503Z
אכסאל,45,35, קטן מ-15 ,182,"נדרשת הידברות, הסברה ואכיפה",2020-07-26T07:34:22.503Z,2020-07-26T07:34:22.503Z
קרית יערים,103,34, קטן מ-15 ,137,"נדרשת הידברות, הסברה ואכיפה",2020-07-26T07:34:22.503Z,2020-07-26T07:34:22.503Z
קדימה-צורן,59,34, קטן מ-15 ,185,"נדרשת הידברות, הסברה ואכיפה",2020-07-26T07:34:22.503Z,2020-07-26T07:34:22.503Z
כפר יונה,53,33, קטן מ-15 ,268,"נדרשת הידברות, הסברה ואכיפה",2020-07-26T07:34:22.503Z,2020-07-26T07:34:22.503Z
מגדל העמק,137,33, קטן מ-15 ,220,"נדרשת הידברות, הסברה ואכיפה",2020-07-26T07:34:22.503Z,2020-07-26T07:34:22.503Z
זכרון יעקב,73,31, קטן מ-15 ,206,"נדרשת הידברות, הסברה ואכיפה",2020-07-26T07:34:22.503Z,2020-07-26T07:34:22.503Z
שפרעם,54,30, קטן מ-15 ,518,"נדרשת הידברות, הסברה ואכיפה",2020-07-26T07:34:22.503Z,2020-07-26T07:34:22.503Z
חריש,48,29, קטן מ-15 ,134,"נדרשת הידברות, הסברה ואכיפה",2020-07-26T07:34:22.503Z,2020-07-26T07:34:22.503Z
אפרת,92,27, קטן מ-15 ,180,"נדרשת הידברות, הסברה ואכיפה",2020-07-26T07:34:22.503Z,2020-07-26T07:34:22.503Z
אלפי מנשה,38,26, קטן מ-15 ,75,"נדרשת הידברות, הסברה ואכיפה",2020-07-26T07:34:22.503Z,2020-07-26T07:34:22.503Z
כרמיאל,87,26, קטן מ-15 ,580,"נדרשת הידברות, הסברה ואכיפה",2020-07-26T07:34:22.503Z,2020-07-26T07:34:22.503Z
כוכב יעקב,100,26, קטן מ-15 ,61,"נדרשת הידברות, הסברה ואכיפה",2020-07-26T07:34:22.503Z,2020-07-26T07:34:22.503Z
עמנואל,41,24, קטן מ-15 ,37,"נדרשת הידברות, הסברה ואכיפה",2020-07-26T07:34:22.503Z,2020-07-26T07:34:22.503Z
יקנעם עילית,44,23, קטן מ-15 ,210,"נדרשת הידברות, הסברה ואכיפה",2020-07-26T07:34:22.503Z,2020-07-26T07:34:22.503Z
סביון,34,23, קטן מ-15 ,59,"נדרשת הידברות, הסברה ואכיפה",2020-07-26T07:34:22.503Z,2020-07-26T07:34:22.503Z
בית אריה,39,23, קטן מ-15 ,49,"נדרשת הידברות, הסברה ואכיפה",2020-07-26T07:34:22.503Z,2020-07-26T07:34:22.503Z
ריינה,23,23, קטן מ-15 ,215,"נדרשת הידברות, הסברה ואכיפה",2020-07-26T07:34:22.503Z,2020-07-26T07:34:22.503Z
אריאל,49,22, קטן מ-15 ,214,"נדרשת הידברות, הסברה ואכיפה",2020-07-26T07:34:22.503Z,2020-07-26T07:34:22.503Z
יד בנימין,34,21, קטן מ-15 ,60,"נדרשת הידברות, הסברה ואכיפה",2020-07-26T07:34:22.503Z,2020-07-26T07:34:22.503Z
סח'נין,43,21, קטן מ-15 ,409,"נדרשת הידברות, הסברה ואכיפה",2020-07-26T07:34:22.503Z,2020-07-26T07:34:22.503Z
בית דגן,38,21, קטן מ-15 ,135,"נדרשת הידברות, הסברה ואכיפה",2020-07-26T07:34:22.503Z,2020-07-26T07:34:22.503Z
קרית טבעון,26,20, קטן מ-15 ,177,"נדרשת הידברות, הסברה ואכיפה",2020-07-26T07:34:22.503Z,2020-07-26T07:34:22.503Z
נשר,28,20, קטן מ-15 ,327,"נדרשת הידברות, הסברה ואכיפה",2020-07-26T07:34:22.503Z,2020-07-26T07:34:22.503Z
שערי תקווה,25,20, קטן מ-15 ,80,"נדרשת הידברות, הסברה ואכיפה",2020-07-26T07:34:22.503Z,2020-07-26T07:34:22.503Z
"בני עי""ש",27,19, קטן מ-15 ,88,"נדרשת הידברות, הסברה ואכיפה",2020-07-26T07:34:22.503Z,2020-07-26T07:34:22.503Z
מג'ד אל-כרום,42,18, קטן מ-15 ,157,"נדרשת הידברות, הסברה ואכיפה",2020-07-26T07:34:22.503Z,2020-07-26T07:34:22.503Z
לקיה,38,18,0,162,"נדרשת הידברות, הסברה ואכיפה",2020-07-26T07:34:22.503Z,2020-07-26T07:34:22.503Z
עתלית,25,18, קטן מ-15 ,64,"נדרשת הידברות, הסברה ואכיפה",2020-07-26T07:34:22.503Z,2020-07-26T07:34:22.503Z
עומר,39,18, קטן מ-15 ,124,"נדרשת הידברות, הסברה ואכיפה",2020-07-26T07:34:22.503Z,2020-07-26T07:34:22.503Z
חצור הגלילית,23,17, קטן מ-15 ,71,"נדרשת הידברות, הסברה ואכיפה",2020-07-26T07:34:22.503Z,2020-07-26T07:34:22.503Z
קרית עקרון,34,17, קטן מ-15 ,146,"נדרשת הידברות, הסברה ואכיפה",2020-07-26T07:34:22.503Z,2020-07-26T07:34:22.503Z
עספיא,23,16, קטן מ-15 ,84,"נדרשת הידברות, הסברה ואכיפה",2020-07-26T07:34:22.503Z,2020-07-26T07:34:22.503Z
להבים,38,16, קטן מ-15 ,87,"נדרשת הידברות, הסברה ואכיפה",2020-07-26T07:34:22.503Z,2020-07-26T07:34:22.503Z
אבן יהודה,57,15, קטן מ-15 ,156,"נדרשת הידברות, הסברה ואכיפה",2020-07-26T07:34:22.503Z,2020-07-26T07:34:22.503Z
תל שבע,23,15, קטן מ-15 ,88,"נדרשת הידברות, הסברה ואכיפה",2020-07-26T07:34:22.503Z,2020-07-26T07:34:22.503Z
בית אל,30,15, קטן מ-15 ,37,"נדרשת הידברות, הסברה ואכיפה",2020-07-26T07:34:22.503Z,2020-07-26T07:34:22.503Z
כפר יאסיף,22, קטן מ-15 , קטן מ-15 ,139,"נדרשת הידברות, הסברה ואכיפה",2020-07-26T07:34:22.503Z,2020-07-26T07:34:22.503Z
עץ אפרים, קטן מ-15 , קטן מ-15 , קטן מ-15 ,40,"נדרשת הידברות, הסברה ואכיפה",2020-07-26T07:34:22.503Z,2020-07-26T07:34:22.503Z
כפר האורנים,16, קטן מ-15 , קטן מ-15 ,22,"נדרשת הידברות, הסברה ואכיפה",2020-07-26T07:34:22.503Z,2020-07-26T07:34:22.503Z
בית ג'ן,18, קטן מ-15 , קטן מ-15 ,76,"נדרשת הידברות, הסברה ואכיפה",2020-07-26T07:34:22.503Z,2020-07-26T07:34:22.503Z
קרית ארבע,26, קטן מ-15 , קטן מ-15 ,66,"נדרשת הידברות, הסברה ואכיפה",2020-07-26T07:34:22.503Z,2020-07-26T07:34:22.503Z
מעלות-תרשיחא,28, קטן מ-15 , קטן מ-15 ,295,"נדרשת הידברות, הסברה ואכיפה",2020-07-26T07:34:22.503Z,2020-07-26T07:34:22.503Z
city,sickCount,actualSick,verifiedLast7Days,testLast7Days,patientDiffPopulationForTenThousands,status,lastUpdate,date
בני ברק,7155,2438,948,4601,121,"נדרשים הסברה, בדיקות ואכיפת בידוד",2020-07-30T03:34:45.407Z,2020-07-30T03:34:45.407Z
ביתר עילית,1786,790,227,1108,128,"נדרשים הסברה, בדיקות ואכיפת בידוד",2020-07-30T03:34:45.407Z,2020-07-30T03:34:45.407Z
מודיעין עילית,1461,650,297,1392,84,"נדרשים הסברה, בדיקות ואכיפת בידוד",2020-07-30T03:34:45.407Z,2020-07-30T03:34:45.407Z
אלעד,1205,572,265,1183,120,"נדרשים הסברה, בדיקות ואכיפת בידוד",2020-07-30T03:34:45.407Z,2020-07-30T03:34:45.407Z
קלנסווה,548,487,217,1343,211,"נדרשים הסברה, בדיקות ואכיפת בידוד",2020-07-30T03:34:45.407Z,2020-07-30T03:34:45.407Z
עין מאהל,171,157,85,593,116,"נדרשים הסברה, בדיקות ואכיפת בידוד",2020-07-30T03:34:45.407Z,2020-07-30T03:34:45.407Z
מבוא חורון,24,21,17,66,83,"נדרשים הסברה, בדיקות ואכיפת בידוד",2020-07-30T03:34:45.407Z,2020-07-30T03:34:45.407Z
כפר מצר,27,17,11-14,56,61,"נדרשים הסברה, בדיקות ואכיפת בידוד",2020-07-30T03:34:45.407Z,2020-07-30T03:34:45.407Z
מצפה יריחו,16, קטן מ-15 ,6-10,31,45,"נדרשים הסברה, בדיקות ואכיפת בידוד",2020-07-30T03:34:45.407Z,2020-07-30T03:34:45.407Z
ירושלים,11518,4999,1797,14582,54,נדרשת הגדלה של מספר הבדיקות,2020-07-30T03:34:45.407Z,2020-07-30T03:34:45.407Z
תל אביב - יפו,3639,1727,291,5210,38,נדרשת הגדלה של מספר הבדיקות,2020-07-30T03:34:45.407Z,2020-07-30T03:34:45.407Z
בית שמש,1976,950,387,2212,75,נדרשת הגדלה של מספר הבדיקות,2020-07-30T03:34:45.407Z,2020-07-30T03:34:45.407Z
באר שבע,1158,734,269,3505,37,נדרשת הגדלה של מספר הבדיקות,2020-07-30T03:34:45.407Z,2020-07-30T03:34:45.407Z
טייבה,400,290,139,756,66,נדרשת הגדלה של מספר הבדיקות,2020-07-30T03:34:45.407Z,2020-07-30T03:34:45.407Z
נצרת,334,272,109,837,35,נדרשת הגדלה של מספר הבדיקות,2020-07-30T03:34:45.407Z,2020-07-30T03:34:45.407Z
קרית מלאכי,450,209,41,297,86,נדרשת הגדלה של מספר הבדיקות,2020-07-30T03:34:45.407Z,2020-07-30T03:34:45.407Z
נתיבות,367,198,83,734,51,נדרשת הגדלה של מספר הבדיקות,2020-07-30T03:34:45.407Z,2020-07-30T03:34:45.407Z
אום אל-פחם,281,138,65,544,25,נדרשת הגדלה של מספר הבדיקות,2020-07-30T03:34:45.407Z,2020-07-30T03:34:45.407Z
רכסים,230,109,36,205,88,נדרשת הגדלה של מספר הבדיקות,2020-07-30T03:34:45.407Z,2020-07-30T03:34:45.407Z
גבעת שמואל,191,104,47,393,41,נדרשת הגדלה של מספר הבדיקות,2020-07-30T03:34:45.407Z,2020-07-30T03:34:45.407Z
טירה,148,102,45,410,38,נדרשת הגדלה של מספר הבדיקות,2020-07-30T03:34:45.407Z,2020-07-30T03:34:45.407Z
כפר מנדא,76,76,37,201,37,נדרשת הגדלה של מספר הבדיקות,2020-07-30T03:34:45.407Z,2020-07-30T03:34:45.407Z
יפיע,90,73,29,230,38,נדרשת הגדלה של מספר הבדיקות,2020-07-30T03:34:45.407Z,2020-07-30T03:34:45.407Z
"כפר חב""ד",123,65,24,142,95,נדרשת הגדלה של מספר הבדיקות,2020-07-30T03:34:45.407Z,2020-07-30T03:34:45.407Z
אכסאל,71,53,30,197,36,נדרשת הגדלה של מספר הבדיקות,2020-07-30T03:34:45.407Z,2020-07-30T03:34:45.407Z
זמר,45,37,28,150,52,נדרשת הגדלה של מספר הבדיקות,2020-07-30T03:34:45.407Z,2020-07-30T03:34:45.407Z
זכרון יעקב,82,34,16,187,15,נדרשת הגדלה של מספר הבדיקות,2020-07-30T03:34:45.407Z,2020-07-30T03:34:45.407Z
פוריידיס,48,31,22,220,23,נדרשת הגדלה של מספר הבדיקות,2020-07-30T03:34:45.407Z,2020-07-30T03:34:45.407Z
כפר כנא,49,30,21,233,13,נדרשת הגדלה של מספר הבדיקות,2020-07-30T03:34:45.407Z,2020-07-30T03:34:45.407Z
מעלה עירון,49,29,19,156,19,נדרשת הגדלה של מספר הבדיקות,2020-07-30T03:34:45.407Z,2020-07-30T03:34:45.407Z
גבע בנימין,42,26,16,139,48,נדרשת הגדלה של מספר הבדיקות,2020-07-30T03:34:45.407Z,2020-07-30T03:34:45.407Z
חשמונאים,37,25,11-14,81,83,נדרשת הגדלה של מספר הבדיקות,2020-07-30T03:34:45.407Z,2020-07-30T03:34:45.407Z
קרני שומרון,29,18,6-10,69,22,נדרשת הגדלה של מספר הבדיקות,2020-07-30T03:34:45.407Z,2020-07-30T03:34:45.407Z
דבוריה,51,18,16,276,17,נדרשת הגדלה של מספר הבדיקות,2020-07-30T03:34:45.407Z,2020-07-30T03:34:45.407Z
בית ג'ן,28,16,6-10,101,13,נדרשת הגדלה של מספר הבדיקות,2020-07-30T03:34:45.407Z,2020-07-30T03:34:45.407Z
"בסמ""ה",26,16,6-10,159,15,נדרשת הגדלה של מספר הבדיקות,2020-07-30T03:34:45.407Z,2020-07-30T03:34:45.407Z
טורעאן,15,15,11-14,144,10,נדרשת הגדלה של מספר הבדיקות,2020-07-30T03:34:45.407Z,2020-07-30T03:34:45.407Z
ג'דיידה-מכר,27, קטן מ-15 ,6-10,155,7,נדרשת הגדלה של מספר הבדיקות,2020-07-30T03:34:45.407Z,2020-07-30T03:34:45.407Z
דייר חנא,28, קטן מ-15 ,6-10,105,10,נדרשת הגדלה של מספר הבדיקות,2020-07-30T03:34:45.407Z,2020-07-30T03:34:45.407Z
פתח תקווה,1792,1000,275,4142,41,"נדרשת הידברות, הסברה ואכיפה",2020-07-30T03:34:45.407Z,2020-07-30T03:34:45.407Z
אשדוד,2207,855,298,3710,38,"נדרשת הידברות, הסברה ואכיפה",2020-07-30T03:34:45.407Z,2020-07-30T03:34:45.407Z
חולון,1244,678,210,2604,36,"נדרשת הידברות, הסברה ואכיפה",2020-07-30T03:34:45.407Z,2020-07-30T03:34:45.407Z
לוד,1001,612,127,1393,80,"נדרשת הידברות, הסברה ואכיפה",2020-07-30T03:34:45.407Z,2020-07-30T03:34:45.407Z
חיפה,1097,567,175,3388,21,"נדרשת הידברות, הסברה ואכיפה",2020-07-30T03:34:45.407Z,2020-07-30T03:34:45.407Z
ראשון לציון,1205,558,144,2800,23,"נדרשת הידברות, הסברה ואכיפה",2020-07-30T03:34:45.407Z,2020-07-30T03:34:45.407Z
אשקלון,943,496,190,2330,35,"נדרשת הידברות, הסברה ואכיפה",2020-07-30T03:34:45.407Z,2020-07-30T03:34:45.407Z
רמלה,768,478,142,1365,63,"נדרשת הידברות, הסברה ואכיפה",2020-07-30T03:34:45.407Z,2020-07-30T03:34:45.407Z
נתניה,1040,470,177,3063,22,"נדרשת הידברות, הסברה ואכיפה",2020-07-30T03:34:45.407Z,2020-07-30T03:34:45.407Z
רחובות,814,443,129,1837,32,"נדרשת הידברות, הסברה ואכיפה",2020-07-30T03:34:45.407Z,2020-07-30T03:34:45.407Z
בת ים,1078,407,110,1787,31,"נדרשת הידברות, הסברה ואכיפה",2020-07-30T03:34:45.407Z,2020-07-30T03:34:45.407Z
רמת גן,844,389,97,2017,26,"נדרשת הידברות, הסברה ואכיפה",2020-07-30T03:34:45.407Z,2020-07-30T03:34:45.407Z
קרית גת,630,333,87,1206,58,"נדרשת הידברות, הסברה ואכיפה",2020-07-30T03:34:45.407Z,2020-07-30T03:34:45.407Z
רהט,562,294,58,655,44,"נדרשת הידברות, הסברה ואכיפה",2020-07-30T03:34:45.407Z,2020-07-30T03:34:45.407Z
טבריה,574,244,46,925,54,"נדרשת הידברות, הסברה ואכיפה",2020-07-30T03:34:45.407Z,2020-07-30T03:34:45.407Z
מודיעין-מכבים-רעות,508,224,62,934,26,"נדרשת הידברות, הסברה ואכיפה",2020-07-30T03:34:45.407Z,2020-07-30T03:34:45.407Z
רעננה,532,224,56,918,30,"נדרשת הידברות, הסברה ואכיפה",2020-07-30T03:34:45.407Z,2020-07-30T03:34:45.407Z
אור יהודה,479,218,43,579,63,"נדרשת הידברות, הסברה ואכיפה",2020-07-30T03:34:45.407Z,2020-07-30T03:34:45.407Z
אילת,308,215,41,728,38,"נדרשת הידברות, הסברה ואכיפה",2020-07-30T03:34:45.407Z,2020-07-30T03:34:45.407Z
ראש העין,358,211,62,926,36,"נדרשת הידברות, הסברה ואכיפה",2020-07-30T03:34:45.407Z,2020-07-30T03:34:45.407Z
באקה אל-גרביה,334,204,44,449,69,"נדרשת הידברות, הסברה ואכיפה",2020-07-30T03:34:45.407Z,2020-07-30T03:34:45.407Z
הרצליה,507,193,70,1309,21,"נדרשת הידברות, הסברה ואכיפה",2020-07-30T03:34:45.407Z,2020-07-30T03:34:45.407Z
חדרה,379,193,70,1661,20,"נדרשת הידברות, הסברה ואכיפה",2020-07-30T03:34:45.407Z,2020-07-30T03:34:45.407Z
דימונה,325,192,16,694,54,"נדרשת הידברות, הסברה ואכיפה",2020-07-30T03:34:45.407Z,2020-07-30T03:34:45.407Z
קרית אתא,275,186,42,762,32,"נדרשת הידברות, הסברה ואכיפה",2020-07-30T03:34:45.407Z,2020-07-30T03:34:45.407Z
כפר סבא,356,184,30,1634,19,"נדרשת הידברות, הסברה ואכיפה",2020-07-30T03:34:45.407Z,2020-07-30T03:34:45.407Z
נס ציונה,261,177,44,619,39,"נדרשת הידברות, הסברה ואכיפה",2020-07-30T03:34:45.407Z,2020-07-30T03:34:45.407Z
כפר קאסם,225,161,27,190,67,"נדרשת הידברות, הסברה ואכיפה",2020-07-30T03:34:45.407Z,2020-07-30T03:34:45.407Z
יבנה,291,149,41,476,32,"נדרשת הידברות, הסברה ואכיפה",2020-07-30T03:34:45.407Z,2020-07-30T03:34:45.407Z
נהריה,255,132,38,855,22,"נדרשת הידברות, הסברה ואכיפה",2020-07-30T03:34:45.407Z,2020-07-30T03:34:45.407Z
בית שאן,170,125,18,283,65,"נדרשת הידברות, הסברה ואכיפה",2020-07-30T03:34:45.407Z,2020-07-30T03:34:45.407Z
אופקים,220,116,23,583,36,"נדרשת הידברות, הסברה ואכיפה",2020-07-30T03:34:45.407Z,2020-07-30T03:34:45.407Z
כפר קרע,207,110,21,329,57,"נדרשת הידברות, הסברה ואכיפה",2020-07-30T03:34:45.407Z,2020-07-30T03:34:45.407Z
אור עקיבא,149,110,21,437,56,"נדרשת הידברות, הסברה ואכיפה",2020-07-30T03:34:45.407Z,2020-07-30T03:34:45.407Z
הוד השרון,231,106,25,580,18,"נדרשת הידברות, הסברה ואכיפה",2020-07-30T03:34:45.407Z,2020-07-30T03:34:45.407Z
מעלה אדומים,213,106,29,419,28,"נדרשת הידברות, הסברה ואכיפה",2020-07-30T03:34:45.407Z,2020-07-30T03:34:45.407Z
רמת השרון,223,105,36,741,23,"נדרשת הידברות, הסברה ואכיפה",2020-07-30T03:34:45.407Z,2020-07-30T03:34:45.407Z
גן יבנה,224,99,16,270,44,"נדרשת הידברות, הסברה ואכיפה",2020-07-30T03:34:45.407Z,2020-07-30T03:34:45.407Z
גבעתיים,241,95,25,584,17,"נדרשת הידברות, הסברה ואכיפה",2020-07-30T03:34:45.407Z,2020-07-30T03:34:45.407Z
גבעת זאב,221,94,32,269,49,"נדרשת הידברות, הסברה ואכיפה",2020-07-30T03:34:45.407Z,2020-07-30T03:34:45.407Z
פרדס חנה-כרכור,177,92,21,517,22,"נדרשת הידברות, הסברה ואכיפה",2020-07-30T03:34:45.407Z,2020-07-30T03:34:45.407Z
ערערה-בנגב,326,85,6-10,113,47,"נדרשת הידברות, הסברה ואכיפה",2020-07-30T03:34:45.407Z,2020-07-30T03:34:45.407Z
קרית אונו,198,84,16,374,22,"נדרשת הידברות, הסברה ואכיפה",2020-07-30T03:34:45.407Z,2020-07-30T03:34:45.407Z
כסיפה,154,77,1-5,69,43,"נדרשת הידברות, הסברה ואכיפה",2020-07-30T03:34:45.407Z,2020-07-30T03:34:45.407Z
עכו,128,73,23,521,14,"נדרשת הידברות, הסברה ואכיפה",2020-07-30T03:34:45.407Z,2020-07-30T03:34:45.407Z
ערד,144,71,15,218,26,"נדרשת הידברות, הסברה ואכיפה",2020-07-30T03:34:45.407Z,2020-07-30T03:34:45.407Z
יהוד,199,69,11-14,334,24,"נדרשת הידברות, הסברה ואכיפה",2020-07-30T03:34:45.407Z,2020-07-30T03:34:45.407Z
באר יעקב,153,68,11-14,292,26,"נדרשת הידברות, הסברה ואכיפה",2020-07-30T03:34:45.407Z,2020-07-30T03:34:45.407Z
מזכרת בתיה,107,66,19,232,44,"נדרשת הידברות, הסברה ואכיפה",2020-07-30T03:34:45.407Z,2020-07-30T03:34:45.407Z
גדרה,151,65,6-10,470,26,"נדרשת הידברות, הסברה ואכיפה",2020-07-30T03:34:45.407Z,2020-07-30T03:34:45.407Z
עפולה,159,61,24,448,11,"נדרשת הידברות, הסברה ואכיפה",2020-07-30T03:34:45.407Z,2020-07-30T03:34:45.407Z
צפת,204,60,20,258,17,"נדרשת הידברות, הסברה ואכיפה",2020-07-30T03:34:45.407Z,2020-07-30T03:34:45.407Z
ג'סר א-זרקא,117,58,1-5,361,39,"נדרשת הידברות, הסברה ואכיפה",2020-07-30T03:34:45.407Z,2020-07-30T03:34:45.407Z
קרית שמונה,90,57,6-10,196,26,"נדרשת הידברות, הסברה ואכיפה",2020-07-30T03:34:45.407Z,2020-07-30T03:34:45.407Z
קרית מוצקין,97,56,6-10,696,13,"נדרשת הידברות, הסברה ואכיפה",2020-07-30T03:34:45.407Z,2020-07-30T03:34:45.407Z
קרית ביאליק,89,55,24,464,14,"נדרשת הידברות, הסברה ואכיפה",2020-07-30T03:34:45.407Z,2020-07-30T03:34:45.407Z
קרית ים,89,53,19,631,13,"נדרשת הידברות, הסברה ואכיפה",2020-07-30T03:34:45.407Z,2020-07-30T03:34:45.407Z
שוהם,129,50,21,204,25,"נדרשת הידברות, הסברה ואכיפה",2020-07-30T03:34:45.407Z,2020-07-30T03:34:45.407Z
ג'לג'וליה,87,50,6-10,118,49,"נדרשת הידברות, הסברה ואכיפה",2020-07-30T03:34:45.407Z,2020-07-30T03:34:45.407Z
ירוחם,62,47,17,278,45,"נדרשת הידברות, הסברה ואכיפה",2020-07-30T03:34:45.407Z,2020-07-30T03:34:45.407Z
טירת כרמל,72,47,6-10,183,20,"נדרשת הידברות, הסברה ואכיפה",2020-07-30T03:34:45.407Z,2020-07-30T03:34:45.407Z
אזור,102,46,11-14,183,38,"נדרשת הידברות, הסברה ואכיפה",2020-07-30T03:34:45.407Z,2020-07-30T03:34:45.407Z
גני תקווה,136,46,6-10,514,23,"נדרשת הידברות, הסברה ואכיפה",2020-07-30T03:34:45.407Z,2020-07-30T03:34:45.407Z
ערערה,90,45,6-10,254,23,"נדרשת הידברות, הסברה ואכיפה",2020-07-30T03:34:45.407Z,2020-07-30T03:34:45.407Z
נוף הגליל,86,45,11-14,411,10,"נדרשת הידברות, הסברה ואכיפה",2020-07-30T03:34:45.407Z,2020-07-30T03:34:45.407Z
שדרות,133,44,11-14,287,16,"נדרשת הידברות, הסברה ואכיפה",2020-07-30T03:34:45.407Z,2020-07-30T03:34:45.407Z
ג'ת,110,44,11-14,239,36,"נדרשת הידברות, הסברה ואכיפה",2020-07-30T03:34:45.407Z,2020-07-30T03:34:45.407Z
חורה,263,41,1-5,62,23,"נדרשת הידברות, הסברה ואכיפה",2020-07-30T03:34:45.407Z,2020-07-30T03:34:45.407Z
בנימינה-גבעת עדה,54,40,6-10,194,28,"נדרשת הידברות, הסברה ואכיפה",2020-07-30T03:34:45.407Z,2020-07-30T03:34:45.407Z
מבשרת ציון,78,39,11-14,272,17,"נדרשת הידברות, הסברה ואכיפה",2020-07-30T03:34:45.407Z,2020-07-30T03:34:45.407Z
קדימה-צורן,68,36,11-14,179,17,"נדרשת הידברות, הסברה ואכיפה",2020-07-30T03:34:45.407Z,2020-07-30T03:34:45.407Z
טמרה,71,35,6-10,284,10,"נדרשת הידברות, הסברה ואכיפה",2020-07-30T03:34:45.407Z,2020-07-30T03:34:45.407Z
שפרעם,64,34,11-14,671,8,"נדרשת הידברות, הסברה ואכיפה",2020-07-30T03:34:45.407Z,2020-07-30T03:34:45.407Z
יבנאל,98,33,6-10,48,79,"נדרשת הידברות, הסברה ואכיפה",2020-07-30T03:34:45.407Z,2020-07-30T03:34:45.407Z
כרמיאל,97,31,11-14,433,7,"נדרשת הידברות, הסברה ואכיפה",2020-07-30T03:34:45.407Z,2020-07-30T03:34:45.407Z
שלומי,44,30,11-14,124,45,"נדרשת הידברות, הסברה ואכיפה",2020-07-30T03:34:45.407Z,2020-07-30T03:34:45.407Z
מגדל העמק,140,30,6-10,189,12,"נדרשת הידברות, הסברה ואכיפה",2020-07-30T03:34:45.407Z,2020-07-30T03:34:45.407Z
נחף,68,30,0,99,22,"נדרשת הידברות, הסברה ואכיפה",2020-07-30T03:34:45.407Z,2020-07-30T03:34:45.407Z
כפר יונה,59,27,6-10,265,12,"נדרשת הידברות, הסברה ואכיפה",2020-07-30T03:34:45.407Z,2020-07-30T03:34:45.407Z
יקנעם עילית,49,26,11-14,181,11,"נדרשת הידברות, הסברה ואכיפה",2020-07-30T03:34:45.407Z,2020-07-30T03:34:45.407Z
חריש,54,25,6-10,167,17,"נדרשת הידברות, הסברה ואכיפה",2020-07-30T03:34:45.407Z,2020-07-30T03:34:45.407Z
סח'נין,47,24,6-10,307,7,"נדרשת הידברות, הסברה ואכיפה",2020-07-30T03:34:45.407Z,2020-07-30T03:34:45.407Z
קרית יערים,107,23,6-10,86,37,"נדרשת הידברות, הסברה ואכיפה",2020-07-30T03:34:45.407Z,2020-07-30T03:34:45.407Z
אלפי מנשה,41,23,1-5,70,29,"נדרשת הידברות, הסברה ואכיפה",2020-07-30T03:34:45.407Z,2020-07-30T03:34:45.407Z
ריינה,23,23,1-5,133,14,"נדרשת הידברות, הסברה ואכיפה",2020-07-30T03:34:45.407Z,2020-07-30T03:34:45.407Z
אעבלין,27,22,6-10,156,17,"נדרשת הידברות, הסברה ואכיפה",2020-07-30T03:34:45.407Z,2020-07-30T03:34:45.407Z
מג'ד אל-כרום,48,22,6-10,125,14,"נדרשת הידברות, הסברה ואכיפה",2020-07-30T03:34:45.407Z,2020-07-30T03:34:45.407Z
אבו גוש,25,21,6-10,204,26,"נדרשת הידברות, הסברה ואכיפה",2020-07-30T03:34:45.407Z,2020-07-30T03:34:45.407Z
יד בנימין,38,19,1-5,29,44,"נדרשת הידברות, הסברה ואכיפה",2020-07-30T03:34:45.407Z,2020-07-30T03:34:45.407Z
נשר,32,19,1-5,323,9,"נדרשת הידברות, הסברה ואכיפה",2020-07-30T03:34:45.407Z,2020-07-30T03:34:45.407Z
שערי תקווה,27,19,6-10,60,34,"נדרשת הידברות, הסברה ואכיפה",2020-07-30T03:34:45.407Z,2020-07-30T03:34:45.407Z
צור הדסה,36,19,6-10,133,20,"נדרשת הידברות, הסברה ואכיפה",2020-07-30T03:34:45.407Z,2020-07-30T03:34:45.407Z
עראבה,32,18,6-10,346,7,"נדרשת הידברות, הסברה ואכיפה",2020-07-30T03:34:45.407Z,2020-07-30T03:34:45.407Z
לקיה,42,18,1-5,171,12,"נדרשת הידברות, הסברה ואכיפה",2020-07-30T03:34:45.407Z,2020-07-30T03:34:45.407Z
ראמה,26,18,1-5,49,22,"נדרשת הידברות, הסברה ואכיפה",2020-07-30T03:34:45.407Z,2020-07-30T03:34:45.407Z
כוכב יעקב,103,18,6-10,72,20,"נדרשת הידברות, הסברה ואכיפה",2020-07-30T03:34:45.407Z,2020-07-30T03:34:45.407Z
תל שבע,25,17,1-5,85,8,"נדרשת הידברות, הסברה ואכיפה",2020-07-30T03:34:45.407Z,2020-07-30T03:34:45.407Z
"בני עי""ש",28,17,1-5,59,25,"נדרשת הידברות, הסברה ואכיפה",2020-07-30T03:34:45.407Z,2020-07-30T03:34:45.407Z
אפרת,95,17,1-5,119,15,"נדרשת הידברות, הסברה ואכיפה",2020-07-30T03:34:45.407Z,2020-07-30T03:34:45.407Z
הושעיה,21,17,1-5,25,83,"נדרשת הידברות, הסברה ואכיפה",2020-07-30T03:34:45.407Z,2020-07-30T03:34:45.407Z
קרית עקרון,35,16,1-5,91,15,"נדרשת הידברות, הסברה ואכיפה",2020-07-30T03:34:45.407Z,2020-07-30T03:34:45.407Z
מעלות-תרשיחא,35,16,6-10,315,7,"נדרשת הידברות, הסברה ואכיפה",2020-07-30T03:34:45.407Z,2020-07-30T03:34:45.407Z
עומר,40,16,1-5,90,20,"נדרשת הידברות, הסברה ואכיפה",2020-07-30T03:34:45.407Z,2020-07-30T03:34:45.407Z
סביון,34,16,1-5,59,37,"נדרשת הידברות, הסברה ואכיפה",2020-07-30T03:34:45.407Z,2020-07-30T03:34:45.407Z
חצור הגלילית,24,16,1-5,57,16,"נדרשת הידברות, הסברה ואכיפה",2020-07-30T03:34:45.407Z,2020-07-30T03:34:45.407Z
אריאל,51,16,1-5,191,9,"נדרשת הידברות, הסברה ואכיפה",2020-07-30T03:34:45.407Z,2020-07-30T03:34:45.407Z
קרית טבעון,27,15,1-5,108,9,"נדרשת הידברות, הסברה ואכיפה",2020-07-30T03:34:45.407Z,2020-07-30T03:34:45.407Z
כאבול,25,15,1-5,88,12,"נדרשת הידברות, הסברה ואכיפה",2020-07-30T03:34:45.407Z,2020-07-30T03:34:45.407Z
טלמון,23,15,1-5,63,31,"נדרשת הידברות, הסברה ואכיפה",2020-07-30T03:34:45.407Z,2020-07-30T03:34:45.407Z
בת חפר,18,15,1-5,61,29,"נדרשת הידברות, הסברה ואכיפה",2020-07-30T03:34:45.407Z,2020-07-30T03:34:45.407Z
אלקנה,25,15,1-5,58,40,"נדרשת הידברות, הסברה ואכיפה",2020-07-30T03:34:45.407Z,2020-07-30T03:34:45.407Z
להבים,38, קטן מ-15 ,0,45,21,"נדרשת הידברות, הסברה ואכיפה",2020-07-30T03:34:45.407Z,2020-07-30T03:34:45.407Z
עין נקובא,15, קטן מ-15 ,1-5,44,40,"נדרשת הידברות, הסברה ואכיפה",2020-07-30T03:34:45.407Z,2020-07-30T03:34:45.407Z
עמנואל,43, קטן מ-15 ,1-5,24,33,"נדרשת הידברות, הסברה ואכיפה",2020-07-30T03:34:45.407Z,2020-07-30T03:34:45.407Z
אבן יהודה,62, קטן מ-15 ,1-5,349,9,"נדרשת הידברות, הסברה ואכיפה",2020-07-30T03:34:45.407Z,2020-07-30T03:34:45.407Z
בית דגן,41, קטן מ-15 ,1-5,72,20,"נדרשת הידברות, הסברה ואכיפה",2020-07-30T03:34:45.407Z,2020-07-30T03:34:45.407Z
עפרה,28, קטן מ-15 ,1-5,31,46,"נדרשת הידברות, הסברה ואכיפה",2020-07-30T03:34:45.407Z,2020-07-30T03:34:45.407Z
מגאר,28, קטן מ-15 ,1-5,178,6,"נדרשת הידברות, הסברה ואכיפה",2020-07-30T03:34:45.407Z,2020-07-30T03:34:45.407Z
אורנית,22, קטן מ-15 ,1-5,90,14,"נדרשת הידברות, הסברה ואכיפה",2020-07-30T03:34:45.407Z,2020-07-30T03:34:45.407Z
עתלית,28, קטן מ-15 ,1-5,40,14,"נדרשת הידברות, הסברה ואכיפה",2020-07-30T03:34:45.407Z,2020-07-30T03:34:45.407Z
קיסריה,20, קטן מ-15 ,1-5,63,26,"נדרשת הידברות, הסברה ואכיפה",2020-07-30T03:34:45.407Z,2020-07-30T03:34:45.407Z
קרית ארבע,27, קטן מ-15 ,1-5,75,18,"נדרשת הידברות, הסברה ואכיפה",2020-07-30T03:34:45.407Z,2020-07-30T03:34:45.407Z
מצפה רמון,40, קטן מ-15 ,1-5,89,20,"נדרשת הידברות, הסברה ואכיפה",2020-07-30T03:34:45.407Z,2020-07-30T03:34:45.407Z
מיתר,39, קטן מ-15 ,1-5,165,12,"נדרשת הידברות, הסברה ואכיפה",2020-07-30T03:34:45.407Z,2020-07-30T03:34:45.407Z
בית אל,33, קטן מ-15 ,1-5,49,21,"נדרשת הידברות, הסברה ואכיפה",2020-07-30T03:34:45.407Z,2020-07-30T03:34:45.407Z
כוכב יאיר,31, קטן מ-15 ,1-5,85,13,"נדרשת הידברות, הסברה ואכיפה",2020-07-30T03:34:45.407Z,2020-07-30T03:34:45.407Z
פרדסיה,17, קטן מ-15 ,1-5,120,20,"נדרשת הידברות, הסברה ואכיפה",2020-07-30T03:34:45.407Z,2020-07-30T03:34:45.407Z
פדואל, קטן מ-15 , קטן מ-15 ,0,16,14,,2020-07-30T03:34:45.407Z,2020-07-30T03:34:45.407Z
מרכז שפירא,29, קטן מ-15 ,1-5,33,43,,2020-07-30T03:34:45.407Z,2020-07-30T03:34:45.407Z
פסוטה, קטן מ-15 , קטן מ-15 ,0,23,3,,2020-07-30T03:34:45.407Z,2020-07-30T03:34:45.407Z
צופים, קטן מ-15 , קטן מ-15 ,0,33,25,,2020-07-30T03:34:45.407Z,2020-07-30T03:34:45.407Z
גני מודיעין, קטן מ-15 , קטן מ-15 ,1-5,17,18,,2020-07-30T03:34:45.407Z,2020-07-30T03:34:45.407Z
נופית, קטן מ-15 , קטן מ-15 ,1-5,21,8,,2020-07-30T03:34:45.407Z,2020-07-30T03:34:45.407Z
ראש פינה, קטן מ-15 , קטן מ-15 ,1-5,20,13,,2020-07-30T03:34:45.407Z,2020-07-30T03:34:45.407Z
אלון שבות,22, קטן מ-15 ,0,42,28,,2020-07-30T03:34:45.407Z,2020-07-30T03:34:45.407Z
ג'ש (גוש חלב), קטן מ-15 , קטן מ-15 ,1-5,30,22,,2020-07-30T03:34:45.407Z,2020-07-30T03:34:45.407Z
אלעזר,15, קטן מ-15 ,0,36,20,,2020-07-30T03:34:45.407Z,2020-07-30T03:34:45.407Z
דאלית אל-כרמל, קטן מ-15 , קטן מ-15 ,1-5,47,3,,2020-07-30T03:34:45.407Z,2020-07-30T03:34:45.407Z
אעצם (שבט), קטן מ-15 , קטן מ-15 ,1-5,20,2,,2020-07-30T03:34:45.407Z,2020-07-30T03:34:45.407Z
סאג'ור,16, קטן מ-15 ,0,9,5,,2020-07-30T03:34:45.407Z,2020-07-30T03:34:45.407Z
דייר אל-אסד,160, קטן מ-15 ,1-5,67,6,,2020-07-30T03:34:45.407Z,2020-07-30T03:34:45.407Z
ניצן,21, קטן מ-15 ,1-5,27,39,,2020-07-30T03:34:45.407Z,2020-07-30T03:34:45.407Z
עץ אפרים, קטן מ-15 , קטן מ-15 ,0,26,29,,2020-07-30T03:34:45.407Z,2020-07-30T03:34:45.407Z
הוואשלה (שבט), קטן מ-15 , קטן מ-15 ,0,7,13,,2020-07-30T03:34:45.407Z,2020-07-30T03:34:45.407Z
רבבה,15, קטן מ-15 ,1-5,14,22,,2020-07-30T03:34:45.407Z,2020-07-30T03:34:45.407Z
הר אדר,23, קטן מ-15 ,0,35,17,,2020-07-30T03:34:45.407Z,2020-07-30T03:34:45.407Z
נאעורה, קטן מ-15 , קטן מ-15 ,1-5,17,17,,2020-07-30T03:34:45.407Z,2020-07-30T03:34:45.407Z
בענה,49, קטן מ-15 ,0,43,4,,2020-07-30T03:34:45.407Z,2020-07-30T03:34:45.407Z
שבלי - אום אל-גנם, קטן מ-15 , קטן מ-15 ,0,83,3,,2020-07-30T03:34:45.407Z,2020-07-30T03:34:45.407Z
ג'ולס, קטן מ-15 , קטן מ-15 ,0,38,6,,2020-07-30T03:34:45.407Z,2020-07-30T03:34:45.407Z
גן נר, קטן מ-15 , קטן מ-15 ,1-5,20,11,,2020-07-30T03:34:45.407Z,2020-07-30T03:34:45.407Z
רמת ישי, קטן מ-15 , קטן מ-15 ,0,51,7,,2020-07-30T03:34:45.407Z,2020-07-30T03:34:45.407Z
נוף איילון, קטן מ-15 , קטן מ-15 ,1-5,14,9,,2020-07-30T03:34:45.407Z,2020-07-30T03:34:45.407Z
שגב-שלום, קטן מ-15 , קטן מ-15 ,0,35,3,,2020-07-30T03:34:45.407Z,2020-07-30T03:34:45.407Z
זרזיר, קטן מ-15 , קטן מ-15 ,1-5,42,6,,2020-07-30T03:34:45.407Z,2020-07-30T03:34:45.407Z
סולם, קטן מ-15 , קטן מ-15 ,1-5,22,7,,2020-07-30T03:34:45.407Z,2020-07-30T03:34:45.407Z
טובא-זנגריה, קטן מ-15 , קטן מ-15 ,0,42,1,,2020-07-30T03:34:45.407Z,2020-07-30T03:34:45.407Z
סלמה, קטן מ-15 , קטן מ-15 ,1-5,61,14,,2020-07-30T03:34:45.407Z,2020-07-30T03:34:45.407Z
יאנוח-ג'ת, קטן מ-15 , קטן מ-15 ,1-5,85,5,,2020-07-30T03:34:45.407Z,2020-07-30T03:34:45.407Z
שילה,15, קטן מ-15 ,6-10,36,16,,2020-07-30T03:34:45.407Z,2020-07-30T03:34:45.407Z
שייח' דנון, קטן מ-15 , קטן מ-15 ,1-5,20,3,,2020-07-30T03:34:45.407Z,2020-07-30T03:34:45.407Z
שמשית, קטן מ-15 , קטן מ-15 ,0,13,9,,2020-07-30T03:34:45.407Z,2020-07-30T03:34:45.407Z
כוכב השחר,26, קטן מ-15 ,1-5,11,8,,2020-07-30T03:34:45.407Z,2020-07-30T03:34:45.407Z
שעב, קטן מ-15 , קטן מ-15 ,1-5,39,5,,2020-07-30T03:34:45.407Z,2020-07-30T03:34:45.407Z
עילוט, קטן מ-15 , קטן מ-15 ,0,24,5,,2020-07-30T03:34:45.407Z,2020-07-30T03:34:45.407Z
כעביה-טבאש-חג'אג'רה, קטן מ-15 , קטן מ-15 ,0,19,2,,2020-07-30T03:34:45.407Z,2020-07-30T03:34:45.407Z
כפר אדומים,16, קטן מ-15 ,0,51,7,,2020-07-30T03:34:45.407Z,2020-07-30T03:34:45.407Z
כפר ברא,24, קטן מ-15 ,1-5,34,24,,2020-07-30T03:34:45.407Z,2020-07-30T03:34:45.407Z
בית יצחק-שער חפר, קטן מ-15 , קטן מ-15 ,0,17,10,,2020-07-30T03:34:45.407Z,2020-07-30T03:34:45.407Z
כפר האורנים,18, קטן מ-15 ,1-5,23,32,,2020-07-30T03:34:45.407Z,2020-07-30T03:34:45.407Z
ירכא, קטן מ-15 , קטן מ-15 ,1-5,173,4,,2020-07-30T03:34:45.407Z,2020-07-30T03:34:45.407Z
כפר ורדים,16, קטן מ-15 ,1-5,46,13,,2020-07-30T03:34:45.407Z,2020-07-30T03:34:45.407Z
עלי זהב, קטן מ-15 , קטן מ-15 ,1-5,34,11,,2020-07-30T03:34:45.407Z,2020-07-30T03:34:45.407Z
כפר יאסיף,22, קטן מ-15 ,1-5,88,7,,2020-07-30T03:34:45.407Z,2020-07-30T03:34:45.407Z
תפרח,32, קטן מ-15 ,1-5,36,28,,2020-07-30T03:34:45.407Z,2020-07-30T03:34:45.407Z
תקוע, קטן מ-15 , קטן מ-15 ,1-5,50,19,,2020-07-30T03:34:45.407Z,2020-07-30T03:34:45.407Z
לפיד, קטן מ-15 , קטן מ-15 ,1-5,29,9,,2020-07-30T03:34:45.407Z,2020-07-30T03:34:45.407Z
תל מונד,29, קטן מ-15 ,1-5,131,7,,2020-07-30T03:34:45.407Z,2020-07-30T03:34:45.407Z
בית חשמונאי, קטן מ-15 , קטן מ-15 ,1-5,19,23,,2020-07-30T03:34:45.407Z,2020-07-30T03:34:45.407Z
מזרעה, קטן מ-15 , קטן מ-15 ,1-5,25,10,,2020-07-30T03:34:45.407Z,2020-07-30T03:34:45.407Z
פקיעין (בוקייעה),16, קטן מ-15 ,1-5,32,2,,2020-07-30T03:34:45.407Z,2020-07-30T03:34:45.407Z
כפר תבור,16, קטן מ-15 ,1-5,38,18,,2020-07-30T03:34:45.407Z,2020-07-30T03:34:45.407Z
עספיא,23, קטן מ-15 ,0,75,4,,2020-07-30T03:34:45.407Z,2020-07-30T03:34:45.407Z
בסמת טבעון, קטן מ-15 , קטן מ-15 ,1-5,43,6,,2020-07-30T03:34:45.407Z,2020-07-30T03:34:45.407Z
מייסר, קטן מ-15 , קטן מ-15 ,1-5,39,25,,2020-07-30T03:34:45.407Z,2020-07-30T03:34:45.407Z
צור יצחק, קטן מ-15 , קטן מ-15 ,1-5,64,2,,2020-07-30T03:34:45.407Z,2020-07-30T03:34:45.407Z
צור משה, קטן מ-15 , קטן מ-15 ,1-5,40,8,,2020-07-30T03:34:45.407Z,2020-07-30T03:34:45.407Z
כאוכב אבו אל-היג'א, קטן מ-15 , קטן מ-15 ,0,36,3,,2020-07-30T03:34:45.407Z,2020-07-30T03:34:45.407Z
אחוזת ברק, קטן מ-15 , קטן מ-15 ,0,14,13,,2020-07-30T03:34:45.407Z,2020-07-30T03:34:45.407Z
אליכין, קטן מ-15 , קטן מ-15 ,1-5,46,9,,2020-07-30T03:34:45.407Z,2020-07-30T03:34:45.407Z
גבעת אבני, קטן מ-15 , קטן מ-15 ,0,17,20,,2020-07-30T03:34:45.407Z,2020-07-30T03:34:45.407Z
מוקייבלה, קטן מ-15 , קטן מ-15 ,1-5,23,17,,2020-07-30T03:34:45.407Z,2020-07-30T03:34:45.407Z
גבעת ברנר, קטן מ-15 , קטן מ-15 ,1-5,18,17,,2020-07-30T03:34:45.407Z,2020-07-30T03:34:45.407Z
מסעודין אל-עזאזמה, קטן מ-15 , קטן מ-15 ,0,31,1,,2020-07-30T03:34:45.407Z,2020-07-30T03:34:45.407Z
מעיליא, קטן מ-15 , קטן מ-15 ,1-5,43,13,,2020-07-30T03:34:45.407Z,2020-07-30T03:34:45.407Z
ביר אל-מכסור, קטן מ-15 , קטן מ-15 ,1-5,72,3,,2020-07-30T03:34:45.407Z,2020-07-30T03:34:45.407Z
מתן,15, קטן מ-15 ,1-5,38,19,,2020-07-30T03:34:45.407Z,2020-07-30T03:34:45.407Z
בית אריה,39, קטן מ-15 ,0,39,18,,2020-07-30T03:34:45.407Z,2020-07-30T03:34:45.407Z
קדומים, קטן מ-15 , קטן מ-15 ,1-5,37,11,,2020-07-30T03:34:45.407Z,2020-07-30T03:34:45.407Z
נווה דניאל,18, קטן מ-15 ,1-5,25,16,,2020-07-30T03:34:45.407Z,2020-07-30T03:34:45.407Z
חורפיש, קטן מ-15 , קטן מ-15 ,1-5,26,2,,2020-07-30T03:34:45.407Z,2020-07-30T03:34:45.407Z
אבו רובייעה (שבט), קטן מ-15 , קטן מ-15 ,0,18,2,,2020-07-30T03:34:45.407Z,2020-07-30T03:34:45.407Z
אבו סנאן, קטן מ-15 ,0,0,84,0,,2020-07-30T03:34:45.407Z,2020-07-30T03:34:45.407Z
אבטין, קטן מ-15 ,0,0,9,0,,2020-07-30T03:34:45.407Z,2020-07-30T03:34:45.407Z
בועיינה-נוג'ידאת, קטן מ-15 ,0,0,63,0,,2020-07-30T03:34:45.407Z,2020-07-30T03:34:45.407Z
יקיר, קטן מ-15 ,0,0,17,0,,2020-07-30T03:34:45.407Z,2020-07-30T03:34:45.407Z
אל סייד, קטן מ-15 ,0,0,13,0,,2020-07-30T03:34:45.407Z,2020-07-30T03:34:45.407Z
בוקעאתא, קטן מ-15 ,0,0,17,0,,2020-07-30T03:34:45.407Z,2020-07-30T03:34:45.407Z
כסרא-סמיע, קטן מ-15 ,0,0,26,0,,2020-07-30T03:34:45.407Z,2020-07-30T03:34:45.407Z
קצרין, קטן מ-15 ,0,0,34,0,,2020-07-30T03:34:45.407Z,2020-07-30T03:34:45.407Z
עלי,22,0,0,21,0,,2020-07-30T03:34:45.407Z,2020-07-30T03:34:45.407Z
נוקדים, קטן מ-15 ,0,0,14,0,,2020-07-30T03:34:45.407Z,2020-07-30T03:34:45.407Z
עיילבון, קטן מ-15 ,0,0,41,0,,2020-07-30T03:34:45.407Z,2020-07-30T03:34:45.407Z
מג'דל שמס, קטן מ-15 ,0,0,25,0,,2020-07-30T03:34:45.407Z,2020-07-30T03:34:45.407Z
