,יישוב,סוג מידע,20/03/2020,21/03/2020,22/03/2020,23/03/2020,24/03/2020,25/03/2020,26/03/2020,27/03/2020,28/03/2020,29/03/2020,30/03/2020,31/03/2020,01/04/2020,02/04/2020,03/04/2020,04/04/2020,05/04/2020,06/04/2020,07/04/2020,08/04/2020,09/04/2020,10/04/2020,11/04/2020,12/04/2020,13/04/2020,14/04/2020,15/04/2020,16/04/2020,17/04/2020,18/04/2020,19/04/2020,20/04/2020,אוכלוסייה נכון ל- 2018,"כמויות נכון ל- 1,000 נפש נכון ל- 20/04/2020"
0,אבו גוש,מספר בידודים בפועל,,,,,,,22,21,20,21,19,19,13,13,9,8,7,7,,5,,5,1,1,0,,0,,,,,1,14732,0.07
1,אבו סנאן,מספר בידודים בפועל,,,,,,,43,48,47,46,42,38,35,35,34,31,29,30,,22,,22,10,10,7,,9,,,,,5,13164,0.38
2,אבו קורינאת (שבט),מספר בידודים בפועל,,,,,,,2,2,2,1,1,1,1,1,,,,,,,,,,,0,,0,,,,,,6235,
3,אבו רובייעה (שבט),מספר בידודים בפועל,,,,,,,7,8,6,5,3,3,1,1,1,1,1,1,,1,,1,,,0,,0,,,,,,6586,
4,אבו רוקייק (שבט),מספר בידודים בפועל,,,,,,,22,23,24,17,15,10,7,7,4,4,3,3,,3,,3,1,1,1,,1,,,,,,9696,
5,אבן יהודה,מספר בידודים בפועל,,,,,,,137,138,128,108,95,80,76,78,68,58,41,44,,29,,29,15,18,16,,19,,,,,22,34536,0.64
6,אום אל-פחם,מספר בידודים בפועל,,,,,,,122,125,120,116,109,102,99,104,91,85,67,71,,59,,59,66,68,47,,39,,,,,35,5220,6.70
7,אופקים,מספר בידודים בפועל,,,,,,,152,150,141,119,111,109,86,90,63,64,52,56,,36,,36,36,39,41,,40,,,,,35,26351,1.33
8,אור יהודה,מספר בידודים בפועל,,,,,,,190,165,158,185,172,188,199,202,185,174,161,173,,81,,81,49,49,37,,23,,,,,23,11193,2.05
9,אור עקיבא,מספר בידודים בפועל,,,,,,,79,77,75,56,50,50,48,51,48,48,36,39,,30,,30,9,9,9,,6,,,,,2,18905,0.11
10,אורנית,מספר בידודים בפועל,,,,,,,92,79,81,70,70,67,59,59,53,52,41,42,,27,,27,15,15,10,,5,,,,,4,7211,0.55
11,אזור,מספר בידודים בפועל,,,,,,,79,60,58,48,46,41,34,37,37,36,28,28,,13,,13,14,14,10,,10,,,,,12,13139,0.91
12,אילת,מספר בידודים בפועל,,,,,,,404,354,329,261,241,217,195,198,163,151,109,114,,53,,53,37,52,42,,36,,,,,42,23962,1.75
13,אכסאל,מספר בידודים בפועל,,,,,,,62,63,62,56,50,40,32,32,23,18,16,16,,10,,10,10,10,7,,7,,,,,8,9071,0.88
14,אל קסום,מספר בידודים בפועל,,,,,,,44,46,46,38,32,34,25,25,20,19,17,19,,18,,18,9,9,,,,,,,,,,
15,אל-בטוף,מספר בידודים בפועל,,,,,,,38,42,43,45,41,36,35,37,33,32,32,35,,24,,24,13,13,,,,,,,,5,,
16,אלעד,מספר בידודים בפועל,,,,,,,216,211,193,145,154,147,137,151,140,136,125,137,,92,,92,66,73,54,,39,,,,,44,226175,0.19
17,אלפי מנשה,מספר בידודים בפועל,,,,,,,68,57,51,43,34,34,21,23,17,16,13,14,,8,,8,5,5,2,,2,,,,,1,18675,0.05
18,אעבלין,מספר בידודים בפועל,,,,,,,42,39,40,36,31,30,29,30,28,24,22,24,,19,,19,8,10,8,,8,,,,,6,13062,0.46
19,אעצם (שבט),מספר בידודים בפועל,,,,,,,5,5,5,3,3,3,2,2,1,,,,,,,,,,0,,0,,,,,,10149,
20,אפרת,מספר בידודים בפועל,,,,,,,717,247,204,119,97,87,77,80,67,57,35,40,,16,,16,11,11,5,,5,,,,,1,57267,0.02
21,אריאל,מספר בידודים בפועל,,,,,,,146,134,129,106,89,86,76,77,70,67,46,50,,28,,28,23,112,130,,129,,,,,117,7835,14.93
22,אשדוד,מספר בידודים בפועל,,,,,,,1127,1055,999,837,755,747,700,735,627,598,509,537,,324,,324,209,219,152,,152,,,,,150,160192,0.94
23,אשכול,מספר בידודים בפועל,,,,,,,126,120,116,118,121,109,104,104,93,57,40,45,,32,,32,21,26,,,,,,,,1,,
24,אשקלון,מספר בידודים בפועל,,,,,,,973,946,920,816,795,803,781,818,680,677,596,639,,373,,373,229,241,144,,117,,,,,103,143795,0.72
25,באקה אל-גרביה,מספר בידודים בפועל,,,,,,,152,155,154,160,160,163,166,171,156,141,131,145,,124,,124,77,78,39,,35,,,,,34,18121,1.88
26,באר טוביה,מספר בידודים בפועל,,,,,,,194,194,182,143,127,119,100,103,85,78,54,58,,40,,40,32,40,,,,,,,,40,,
27,באר יעקב,מספר בידודים בפועל,,,,,,,141,129,115,97,80,77,80,88,83,81,74,78,,34,,34,22,32,22,,19,,,,,15,60733,0.25
28,באר שבע,מספר בידודים בפועל,,,,,,,1312,1217,1175,1035,999,937,890,934,806,750,617,642,,318,,318,209,229,174,,121,,,,,108,130789,0.83
29,בוסתן-אל-מרג',מספר בידודים בפועל,,,,,,,49,52,50,49,43,32,26,26,23,20,20,21,,15,,15,8,11,,,,,,,,2,,
30,בועיינה- נוג׳ידאת,מספר בידודים בפועל,,,,,,,56,56,51,43,35,29,28,35,34,30,33,35,,29,,29,27,28,,,,,,,,6,19850,0.30
31,בוקעאתא,מספר בידודים בפועל,,,,,,,17,19,18,19,19,19,17,17,21,15,8,9,,8,,8,5,5,5,,5,,,,,,6315,
32,ביר אל-מכסור,מספר בידודים בפועל,,,,,,,45,46,43,31,27,18,27,27,22,19,18,18,,14,,14,15,15,7,,3,,,,,1,14972,0.07
33,בית אל,מספר בידודים בפועל,,,,,,,25,24,21,16,25,34,35,35,39,39,21,22,,21,,21,10,15,17,,14,,,,,9,6042,1.49
34,בית אריה,מספר בידודים בפועל,,,,,,,,,,,,,,,,,,,,,,,,,5,,3,,,,,,4981,
35,בית ג'ן,מספר בידודים בפועל,,,,,,,14,13,12,13,13,15,9,9,9,9,8,9,,6,,6,6,6,7,,6,,,,,7,11757,0.60
36,בית דגן,מספר בידודים בפועל,,,,,,,69,61,54,41,34,30,36,37,34,31,31,31,,18,,18,11,11,8,,6,,,,,2,14500,0.14
37,בית שאן,מספר בידודים בפועל,,,,,,,34,36,39,35,26,29,28,28,27,27,23,23,,10,,10,3,3,2,,2,,,,,4,19058,0.21
38,בית שמש,מספר בידודים בפועל,,,,,,,513,451,439,346,298,284,255,265,226,214,185,203,,116,,116,90,105,85,,84,,,,,99,218401,0.45
39,ביתר עילית,מספר בידודים בפועל,,,,,,,148,127,124,112,103,98,99,105,91,87,69,89,,55,,55,52,61,49,,38,,,,,104,96608,1.08
40,בני ברק,מספר בידודים בפועל,,,,,,,906,887,845,754,760,736,705,767,734,686,566,618,,428,,428,307,337,258,,206,,,,,194,199230,0.97
41,"בני עי""ש",מספר בידודים בפועל,,,,,,,35,30,25,22,24,23,21,21,20,19,18,18,,17,,17,8,10,5,,8,,,,,6,7723,0.78
42,בני שמעון,מספר בידודים בפועל,,,,,,,128,112,102,64,54,47,43,44,38,29,19,19,,13,,13,8,8,,,,,,,,2,,
43,בנימינה-גבעת עדה,מספר בידודים בפועל,,,,,,,114,95,93,75,72,74,69,69,49,50,39,40,,29,,29,18,17,9,,8,,,,,4,5984,0.67
44,"בסמ""ה",מספר בידודים בפועל,,,,,,,34,34,34,32,29,15,15,16,16,13,12,12,,11,,11,5,5,2,,2,,,,,2,5579,0.36
45,בסמת טבעון,מספר בידודים בפועל,,,,,,,24,25,25,24,21,21,21,21,22,22,23,24,,13,,13,10,10,3,,3,,,,,1,5342,0.19
46,בענה,מספר בידודים בפועל,,,,,,,23,30,29,30,27,26,20,24,23,22,22,23,,21,,21,14,16,12,,15,,,,,66,10532,6.27
47,ברנר,מספר בידודים בפועל,,,,,,,86,82,78,69,60,56,56,57,45,47,38,39,,12,,12,4,4,,,,,,,,2,,
48,בת חפר,מספר בידודים בפועל,,,,,,,86,82,78,69,60,56,56,57,45,47,38,39,,12,,12,4,4,35,,39,,,,,,20524,
49,בת ים,מספר בידודים בפועל,,,,,,,792,740,698,629,586,554,548,557,476,452,374,391,,243,,243,144,146,99,,87,,,,,58,285023,0.20
50,ג'דיידה-מכר,מספר בידודים בפועל,,,,,,,84,93,92,81,74,61,56,57,47,43,40,42,,29,,29,13,13,6,,5,,,,,10,6724,1.49
51,ג'ולס,מספר בידודים בפועל,,,,,,,3,4,4,2,2,3,6,6,8,8,10,12,,7,,7,4,4,3,,3,,,,,4,43811,0.09
52,ג'לג'וליה,מספר בידודים בפועל,,,,,,,27,30,29,31,26,26,23,24,22,20,16,20,,13,,13,11,11,8,,8,,,,,5,6147,0.81
53,ג'סר א-זרקא,מספר בידודים בפועל,,,,,,,17,17,17,19,20,18,15,16,15,13,10,10,,9,,9,6,8,3,,6,,,,,10,22622,0.44
54,ג'ת,מספר בידודים בפועל,,,,,,,36,33,35,37,33,27,35,38,44,50,55,59,,40,,40,41,41,32,,30,,,,,39,10403,3.75
55,גבע בנימין,מספר בידודים בפועל,,,,,,,36,33,35,37,33,27,35,38,44,50,55,59,,40,,40,41,41,2,,2,,,,,,41559,
56,גבעת זאב,מספר בידודים בפועל,,,,,,,132,124,118,95,84,79,80,84,78,79,64,64,,35,,35,37,38,34,,34,,,,,38,19584,1.94
57,גבעת שמואל,מספר בידודים בפועל,,,,,,,154,133,133,115,102,98,106,113,96,83,71,78,,63,,63,40,45,29,,17,,,,,18,27563,0.65
58,גבעתיים,מספר בידודים בפועל,,,,,,,389,333,303,209,191,192,171,179,168,163,141,151,,89,,89,48,51,32,,27,,,,,15,28093,0.53
59,גדרה,מספר בידודים בפועל,,,,,,,265,241,224,166,161,152,147,150,124,102,56,60,,36,,36,19,19,14,,16,,,,,22,24068,0.91
60,גולן,מספר בידודים בפועל,,,,,,,326,321,283,195,175,164,153,152,133,119,81,83,,25,,25,16,16,,,,,,,,5,,
61,גוש עציון,מספר בידודים בפועל,,,,,,,305,249,206,174,158,142,132,136,124,112,77,81,,46,,46,21,24,,,,,,,,12,,
62,גזר,מספר בידודים בפועל,,,,,,,266,229,206,176,159,145,135,139,109,102,71,79,,41,,41,21,23,,,,,,,,23,,
63,גן יבנה,מספר בידודים בפועל,,,,,,,179,165,163,125,113,110,99,101,92,79,58,59,,33,,33,28,30,26,,23,,,,,16,40136,0.40
64,גן רווה,מספר בידודים בפועל,,,,,,,72,70,69,63,59,55,48,50,41,35,18,20,,9,,9,6,6,,,,,,,,1,,
65,גני תקווה,מספר בידודים בפועל,,,,,,,141,117,102,84,71,63,62,62,53,52,47,48,,33,,33,21,23,20,,15,,,,,16,19682,0.81
66,דאלית אל-כרמל,מספר בידודים בפועל,,,,,,,16,14,13,12,12,12,13,13,11,10,9,8,,7,,7,10,10,8,,6,,,,,7,16993,0.41
67,דבוריה,מספר בידודים בפועל,,,,,,,71,77,76,57,53,44,49,50,43,43,41,46,,40,,40,42,43,42,,36,,,,,30,51934,0.58
68,דייר אל-אסד,מספר בידודים בפועל,,,,,,,72,76,77,68,61,50,36,40,31,29,29,30,,24,,24,44,59,68,,86,,,,,244,26184,9.32
69,דייר חנא,מספר בידודים בפועל,,,,,,,89,95,94,96,92,89,85,85,81,68,55,58,,32,,32,19,20,11,,10,,,,,4,10999,0.36
70,דימונה,מספר בידודים בפועל,,,,,,,230,224,192,167,136,118,116,123,117,103,76,82,,47,,47,32,33,25,,20,,,,,22,26880,0.82
71,דרום השרון,מספר בידודים בפועל,,,,,,,345,321,305,252,220,202,184,188,161,148,85,85,,56,,56,27,29,,,,,,,,7,,
72,הגלבוע,מספר בידודים בפועל,,,,,,,238,251,237,203,178,161,156,159,140,137,101,104,,68,,68,34,36,,,,,,,,19,,
73,הגליל העליון,מספר בידודים בפועל,,,,,,,196,191,180,159,142,129,112,113,100,93,62,71,,43,,43,20,20,,,,,,,,5,,
74,הגליל התחתון,מספר בידודים בפועל,,,,,,,137,130,125,97,92,94,76,82,75,72,67,73,,49,,49,38,42,,,,,,,,10,,
75,הוד השרון,מספר בידודים בפועל,,,,,,,585,517,446,325,282,249,227,235,204,191,135,143,,67,,67,50,51,43,,27,,,,,18,99870,0.18
76,הר חברון,מספר בידודים בפועל,,,,,,,206,150,142,83,79,86,88,88,68,66,49,51,,36,,36,5,6,,,,,,,,5,,
77,הרצליה,מספר בידודים בפועל,,,,,,,967,874,824,661,583,537,473,478,411,395,338,351,,209,,209,103,106,68,,62,,,,,23,87108,0.26
78,זבולון,מספר בידודים בפועל,,,,,,,81,81,79,60,54,49,40,40,30,28,18,19,,17,,17,11,11,,,,,,,,3,,
79,זכרון יעקב,מספר בידודים בפועל,,,,,,,248,219,208,157,139,125,111,116,106,93,71,76,,39,,39,23,24,18,,13,,,,,10,59196,0.17
80,זמר,מספר בידודים בפועל,,,,,,,25,25,24,25,22,28,35,36,32,29,24,25,,19,,19,12,14,7,,8,,,,,13,22449,0.58
81,זרזיר,מספר בידודים בפועל,,,,,,,25,27,27,22,16,12,17,17,15,15,13,14,,11,,11,9,9,5,,3,,,,,2,8385,0.24
82,חבל יבנה,מספר בידודים בפועל,,,,,,,50,42,38,31,30,28,30,30,29,25,19,20,,6,,6,2,3,,,,,,,,1,,
83,חבל מודיעין,מספר בידודים בפועל,,,,,,,242,206,193,159,151,140,126,128,108,101,64,77,,47,,47,37,40,,,,,,,,16,,
84,חדרה,מספר בידודים בפועל,,,,,,,522,497,482,390,351,333,330,336,295,269,177,188,,116,,116,58,64,50,,54,,,,,55,59006,0.93
85,חולון,מספר בידודים בפועל,,,,,,,935,817,777,646,589,559,521,546,485,444,383,409,,230,,230,173,183,148,,142,,,,,89,25792,3.45
86,חוף אשקלון,מספר בידודים בפועל,,,,,,,134,121,120,99,90,84,81,84,71,71,61,65,,34,,34,22,24,,,,,,,,6,,
87,חוף הכרמל,מספר בידודים בפועל,,,,,,,460,427,404,299,278,253,212,212,186,163,118,123,,58,,58,37,42,,,,,,,,20,,
88,חוף השרון,מספר בידודים בפועל,,,,,,,170,172,160,126,115,90,77,80,62,54,39,42,,27,,27,17,22,,,,,,,,9,,
89,חורה,מספר בידודים בפועל,,,,,,,46,57,55,52,52,47,44,44,44,37,23,24,,21,,21,7,7,6,,5,,,,,1,16983,0.06
90,חורפיש,מספר בידודים בפועל,,,,,,,16,15,15,10,10,10,9,9,7,6,5,5,,1,,1,15,20,19,,20,,,,,9,8446,1.07
91,חיפה,מספר בידודים בפועל,,,,,,,1987,1859,1696,1321,1187,1069,960,979,836,784,595,616,,358,,358,213,221,145,,131,,,,,126,47866,2.63
92,חצור הגלילית,מספר בידודים בפועל,,,,,,,33,29,27,27,27,24,21,21,19,15,12,14,,7,,7,8,8,5,,0,,,,,1,9722,0.10
93,חריש,מספר בידודים בפועל,,,,,,,55,54,51,44,33,27,37,39,39,47,53,58,,38,,38,33,35,10,,10,,,,,9,25369,0.35
94,טבריה,מספר בידודים בפועל,,,,,,,477,464,445,370,363,349,312,318,261,265,248,268,,198,,198,160,170,131,,95,,,,,112,143579,0.78
95,טובא-זנגריה,מספר בידודים בפועל,,,,,,,29,32,31,21,20,19,16,16,12,11,10,11,,5,,5,1,1,1,,,,,,,,14383,
96,טורעאן,מספר בידודים בפועל,,,,,,,55,58,54,42,35,29,29,30,31,21,20,20,,12,,12,9,9,3,,3,,,,,3,14398,0.21
97,טייבה,מספר בידודים בפועל,,,,,,,139,159,162,160,157,117,112,117,108,101,96,99,,62,,62,33,33,18,,19,,,,,33,22609,1.46
98,טירה,מספר בידודים בפועל,,,,,,,94,98,86,76,73,66,64,68,71,69,70,73,,61,,61,43,46,27,,21,,,,,15,9975,1.50
99,טירת כרמל,מספר בידודים בפועל,,,,,,,88,81,76,52,48,42,43,43,35,33,30,32,,14,,14,10,12,11,,8,,,,,3,29123,0.10
100,טמרה,מספר בידודים בפועל,,,,,,,109,130,130,121,114,104,97,99,91,81,70,76,,37,,37,18,19,13,,15,,,,,11,7797,1.41
101,יאנוח-ג'ת,מספר בידודים בפועל,,,,,,,11,10,10,9,12,11,11,11,9,9,8,9,,2,,2,2,2,2,,2,,,,,3,6514,0.46
102,יבנה,מספר בידודים בפועל,,,,,,,311,310,249,194,180,173,158,170,146,143,128,141,,77,,77,40,43,30,,16,,,,,15,23075,0.65
103,יהוד,מספר בידודים בפועל,,,,,,,351,287,255,172,154,140,139,142,119,103,78,94,,64,,64,37,39,33,,26,,,,,24,79760,0.30
104,יואב,מספר בידודים בפועל,,,,,,,85,81,78,61,63,61,59,62,53,43,31,32,,16,,16,9,9,,,,,,,,1,,
105,יפיע,מספר בידודים בפועל,,,,,,,60,60,59,53,48,45,40,42,34,24,20,20,,15,,15,7,7,2,,5,,,,,13,9483,1.37
106,יקנעם עילית,מספר בידודים בפועל,,,,,,,167,162,146,123,117,113,113,115,97,76,57,59,,37,,37,26,27,13,,11,,,,,16,49607,0.32
107,ירוחם,מספר בידודים בפועל,,,,,,,37,36,24,23,21,22,18,18,17,14,11,11,,5,,5,19,22,24,,23,,,,,24,8355,2.87
108,ירושלים,מספר בידודים בפועל,,,,,,,4980,4527,4333,3578,3275,3017,2755,2855,2513,2353,1961,2128,,1278,,1278,868,998,862,,777,,,,,712,925890,0.77
109,ירכא,מספר בידודים בפועל,,,,,,,10,11,12,10,12,14,11,13,13,12,9,8,,5,,5,5,5,3,,3,,,,,6,15418,0.39
110,כאבול,מספר בידודים בפועל,,,,,,,39,38,38,33,30,24,23,23,23,19,17,20,,11,,11,4,4,2,,4,,,,,14,12102,1.16
111,כוכב יאיר,מספר בידודים בפועל,,,,,,,154,147,137,98,86,67,56,58,47,40,29,30,,11,,11,5,9,8,,7,,,,,5,21079,0.24
112,כוכב יעקב,מספר בידודים בפועל,,,,,,,154,147,137,98,86,67,56,58,47,40,29,30,,11,,11,5,9,23,,13,,,,,,62768,
113,כסיפה,מספר בידודים בפועל,,,,,,,72,68,61,46,32,26,26,27,24,13,12,13,,13,,13,11,11,7,,7,,,,,2,9590,0.21
114,כסרא-סמיע,מספר בידודים בפועל,,,,,,,9,12,10,9,9,5,6,7,8,8,8,8,,6,,6,3,3,2,,0,,,,,2,8550,0.23
115,כעביה-טבאש-חג'אג'רה,מספר בידודים בפועל,,,,,,,13,15,13,13,12,8,7,7,6,6,5,6,,5,,5,3,3,2,,2,,,,,2,5780,0.35
116,כפר ורדים,מספר בידודים בפועל,,,,,,,67,59,54,40,36,35,29,29,25,23,15,15,,9,,9,2,2,1,,5,,,,,5,55324,0.09
117,"כפר חב""ד",מספר בידודים בפועל,,,,,,,67,59,54,40,36,35,29,29,25,23,15,15,,9,,9,2,2,7,,6,,,,,,25181,
118,כפר יאסיף,מספר בידודים בפועל,,,,,,,50,45,43,41,41,32,27,29,23,23,17,18,,9,,9,6,6,6,,7,,,,,9,10011,0.90
119,כפר יונה,מספר בידודים בפועל,,,,,,,212,174,153,107,94,92,72,72,55,47,39,39,,19,,19,7,7,5,,6,,,,,5,26451,0.19
120,כפר כנא,מספר בידודים בפועל,,,,,,,85,93,91,88,80,67,58,64,56,53,48,52,,41,,41,20,20,11,,12,,,,,12,20831,0.58
121,כפר מנדא,מספר בידודים בפועל,,,,,,,33,43,43,40,38,36,35,35,30,29,30,31,,18,,18,9,9,6,,6,,,,,5,20003,0.25
122,כפר סבא,מספר בידודים בפועל,,,,,,,679,561,525,413,372,331,320,333,294,284,232,238,,123,,123,81,92,74,,63,,,,,43,100921,0.43
123,כפר קאסם,מספר בידודים בפועל,,,,,,,131,131,125,111,96,83,72,75,70,64,59,60,,49,,49,29,43,47,,50,,,,,28,9974,2.81
124,כפר קרע,מספר בידודים בפועל,,,,,,,113,120,113,102,91,61,61,62,46,46,39,47,,39,,39,31,33,23,,22,,,,,5,22261,0.22
125,כרמיאל,מספר בידודים בפועל,,,,,,,198,183,183,154,143,136,124,129,127,121,90,101,,60,,60,41,44,46,,47,,,,,63,33851,1.86
126,לב השרון,מספר בידודים בפועל,,,,,,,209,185,165,138,119,113,101,103,95,86,59,59,,35,,35,24,25,,,,,,,,12,,
127,להבים,מספר בידודים בפועל,,,,,,,105,94,90,63,56,54,52,52,45,41,31,33,,17,,17,7,8,7,,4,,,,,6,8553,0.70
128,לוד,מספר בידודים בפועל,,,,,,,395,379,358,331,310,289,262,267,248,232,188,200,,124,,124,71,79,51,,63,,,,,53,40328,1.31
129,לכיש,מספר בידודים בפועל,,,,,,,93,77,70,55,43,40,40,41,33,32,30,36,,24,,24,8,8,,,,,,,,2,,
130,לקיה,מספר בידודים בפועל,,,,,,,57,65,66,49,44,43,35,35,33,30,29,30,,29,,29,15,15,11,,10,,,,,4,14695,0.27
131,מבואות החרמון,מספר בידודים בפועל,,,,,,,108,103,92,77,72,58,47,47,31,32,21,22,,17,,17,9,9,,,,,,,,,,
132,מבשרת ציון,מספר בידודים בפועל,,,,,,242,226,190,181,145,122,116,104,107,89,77,68,70,,34,,34,31,33,25,,19,,,,,12,50538,0.24
133,מג'ד אל-כרום,מספר בידודים בפועל,,,,,,51,52,49,44,42,39,35,35,35,27,23,23,23,,18,,18,10,10,6,,13,,,,,25,15275,1.64
134,מג'דל שמס,מספר בידודים בפועל,,,,,,13,10,11,10,9,9,9,9,10,11,11,11,12,,13,,13,7,7,6,,5,,,,,5,12435,0.40
135,מגאר,מספר בידודים בפועל,,,,,,88,87,80,81,71,66,69,68,70,43,41,35,36,,17,,17,9,10,11,,11,,,,,14,5525,2.53
136,מגדל העמק,מספר בידודים בפועל,,,,,,296,304,289,247,169,156,152,165,177,161,155,116,127,,85,,85,52,54,30,,19,,,,,11,29104,0.38
137,מגידו,מספר בידודים בפועל,,,,,,111,118,119,120,112,98,96,91,91,79,68,46,46,,21,,21,11,11,,,,,,,,4,,
138,מודיעין עילית,מספר בידודים בפועל,,,,,,210,205,195,202,210,235,249,262,294,277,258,220,241,,118,,118,84,86,55,,48,,,,,69,76233,0.91
139,מודיעין-מכבים-רעות,מספר בידודים בפועל,,,,,,2507,2207,941,733,530,468,423,399,410,373,341,272,291,,177,,177,127,143,106,,90,,,,,50,195229,0.26
140,מזכרת בתיה,מספר בידודים בפועל,,,,,,140,139,117,106,78,58,44,42,44,33,29,26,32,,17,,17,14,15,10,,8,,,,,3,77867,0.04
141,מטה אשר,מספר בידודים בפועל,,,,,,299,281,277,265,225,204,173,162,162,127,115,71,71,,52,,52,26,27,,,,,,,,15,,
142,מטה בנימין,מספר בידודים בפועל,,,,,,900,797,610,558,418,384,369,353,380,340,329,284,302,,179,,179,111,121,,,,,,,,68,,
143,מטה יהודה,מספר בידודים בפועל,,,,,,654,619,495,473,376,312,294,259,266,224,208,154,161,,119,,119,77,85,,,,,,,,41,,
144,מיתר,מספר בידודים בפועל,,,,,,129,125,115,111,80,72,64,53,54,50,47,27,31,,17,,17,11,14,14,,11,,,,,5,6367,0.79
145,מנשה,מספר בידודים בפועל,,,,,,201,195,198,189,173,155,142,120,121,98,91,59,65,,43,,43,25,27,,,0,,,,,14,,
146,מסעודין אל-עזאזמה,מספר בידודים בפועל,,,,,,18,18,18,15,14,13,11,6,7,3,3,3,3,,,,,,,0,,0,,,,,,6926,
147,מעלה אדומים,מספר בידודים בפועל,,,,,,315,326,286,274,219,181,174,168,175,143,130,97,113,,73,,73,64,83,77,,73,,,,,39,35717,1.09
148,מעלה יוסף,מספר בידודים בפועל,,,,,,156,161,169,167,151,146,123,105,107,84,77,50,50,,26,,26,7,8,,,,,,,,2,,
149,מעלה עירון,מספר בידודים בפועל,,,,,,45,48,54,52,53,45,44,42,44,40,36,35,36,,32,,32,16,17,9,,10,,,,,7,8807,0.79
150,מעלות- תרשיחא,מספר בידודים בפועל,,,,,,108,106,103,101,96,89,86,87,87,78,75,57,58,,33,,33,7,7,7,,5,,,,,15,10345,1.45
151,מצפה רמון,מספר בידודים בפועל,,,,,,108,106,103,101,96,89,86,87,87,78,75,57,58,,33,,33,7,7,2,,0,,,,,,23517,
152,מרום הגליל,מספר בידודים בפועל,,,,,,104,110,102,99,91,85,85,81,88,88,85,56,57,,34,,34,9,10,,,,,,,,13,,
153,מרחבים,מספר בידודים בפועל,,,,,,204,209,190,188,138,128,113,101,101,72,54,36,39,,30,,30,22,23,,,,,,,,5,,
154,משגב,מספר בידודים בפועל,,,,,,296,278,254,237,190,165,142,134,138,124,113,80,84,,44,,44,26,27,,,,,,,,22,,
155,משהד,מספר בידודים בפועל,,,,,,9,9,12,10,10,10,9,9,9,7,7,7,7,,10,,10,5,5,4,,3,,,,,3,8649,0.35
156,נהריה,מספר בידודים בפועל,,,,,,352,358,328,299,252,240,221,202,210,187,186,162,171,,96,,96,55,55,40,,26,,,,,27,23751,1.14
157,נווה מדבר,מספר בידודים בפועל,,,,,,15,15,14,14,8,8,7,5,5,4,2,1,2,,1,,1,1,1,,,,,,,,,,
158,נוף הגליל,מספר בידודים בפועל,,,,,,262,260,194,157,142,120,122,113,118,109,101,87,88,,51,,51,54,55,41,,38,,,,,53,30267,1.75
159,נחל שורק,מספר בידודים בפועל,,,,,,70,54,50,47,38,51,56,50,51,45,45,40,41,,23,,23,18,18,,,,,,,,2,,
160,נחף,מספר בידודים בפועל,,,,,,31,33,35,35,35,35,33,29,29,29,25,23,24,,17,,17,13,15,9,,10,,,,,20,6648,3.01
161,נס ציונה,מספר בידודים בפועל,,,,,,398,352,296,270,197,178,155,144,148,132,125,105,109,,75,,75,44,45,27,,23,,,,,16,7381,2.17
162,נצרת,מספר בידודים בפועל,,,,,,292,286,280,270,242,219,197,177,191,170,146,139,142,,104,,104,53,54,34,,31,,,,,29,20456,1.42
163,נשר,מספר בידודים בפועל,,,,,,122,116,103,97,75,73,62,61,61,51,48,40,41,,21,,21,12,13,7,,8,,,,,7,14833,0.47
164,נתיבות,מספר בידודים בפועל,,,,,,123,113,111,107,87,69,66,66,74,77,76,73,86,,73,,73,69,78,78,,70,,,,,67,38194,1.75
165,נתניה,מספר בידודים בפועל,,,,,,1533,1464,1353,1288,1089,990,911,854,891,788,730,575,602,,303,,303,179,190,154,,143,,,,,136,213817,0.64
166,סח'נין,מספר בידודים בפועל,,,,,,194,203,221,218,217,212,192,182,186,135,121,112,126,,88,,88,47,47,38,,36,,,,,16,7903,2.02
167,עומר,מספר בידודים בפועל,,,,,,103,91,79,74,69,63,52,45,46,43,37,26,27,,17,,17,5,6,5,,2,,,,,3,46166,0.06
168,עיילבון,מספר בידודים בפועל,,,,,,28,28,21,16,11,9,10,8,9,8,7,9,13,,15,,15,16,18,16,,15,,,,,11,10577,1.04
169,עילוט,מספר בידודים בפועל,,,,,,22,20,19,19,23,22,16,13,13,9,7,7,7,,5,,5,3,3,0,,1,,,,,33,8241,4.00
170,עין מאהל,מספר בידודים בפועל,,,,,,65,69,74,59,57,53,39,33,33,31,30,28,36,,29,,29,16,16,15,,13,,,,,5,13388,0.37
171,עכו,מספר בידודים בפועל,,,,,,339,347,198,186,156,143,119,115,118,100,88,62,67,,44,,44,22,23,12,,14,,,,,24,7586,3.16
172,עמק הירדן,מספר בידודים בפועל,,,,,,169,184,177,172,146,131,117,100,100,80,76,73,77,,43,,43,19,19,,,,,,,,9,,
173,עמק המעיינות,מספר בידודים בפועל,,,,,,95,91,86,79,68,63,66,55,55,46,48,29,30,,13,,13,8,8,,,,,,,,3,,
174,עמק חפר,מספר בידודים בפועל,,,,,,485,448,388,358,280,253,242,209,213,176,160,122,126,,69,,69,42,81,,,,,,,,41,,
175,עמק יזרעאל,מספר בידודים בפועל,,,,,,522,507,461,428,341,292,257,315,327,300,273,217,220,,126,,126,73,77,,,,,,,,13,,
176,עמק לוד,מספר בידודים בפועל,,,,,,208,199,181,171,128,117,105,95,101,91,86,70,72,,41,,41,21,22,,,,,,,,6,,
177,עספיא,מספר בידודים בפועל,,,,,,32,28,28,26,23,19,17,14,14,14,13,14,14,,6,,6,8,8,12,,24,,,,,21,11089,1.89
178,עפולה,מספר בידודים בפועל,,,,,,428,334,312,279,204,186,182,177,183,165,156,122,130,,84,,84,59,61,39,,33,,,,,22,53883,0.41
179,עראבה,מספר בידודים בפועל,,,,,,208,211,237,234,218,187,158,140,141,112,101,94,102,,72,,72,41,41,20,,21,,,,,12,16644,0.72
180,ערבות הירדן,מספר בידודים בפועל,,,,,,35,43,42,41,39,35,36,36,36,33,31,26,26,,15,,15,8,8,,,,,,,,1,,
181,ערד,מספר בידודים בפועל,,,,,,117,118,117,110,90,88,93,90,95,86,86,66,67,,38,,38,24,25,19,,18,,,,,5,8772,0.57
182,ערערה,מספר בידודים בפועל,,,,,,111,113,124,122,118,100,78,72,73,61,59,54,63,,48,,48,46,49,37,,36,,,,,18,19667,0.92
183,ערערה-בנגב,מספר בידודים בפועל,,,,,,84,96,99,92,64,49,43,34,34,27,26,21,23,,19,,19,5,5,4,,4,,,,,2,17465,0.11
184,עתלית,מספר בידודים בפועל,,,,,,84,96,99,92,64,49,43,34,34,27,26,21,23,,19,,19,5,5,5,,4,,,,,,40622,
185,פוריידיס,מספר בידודים בפועל,,,,,,39,40,45,45,38,39,36,34,35,37,35,24,25,,19,,19,15,15,13,,25,,,,,26,13133,1.98
186,פקיעין (בוקייעה),מספר בידודים בפועל,,,,,,20,16,15,12,12,12,11,9,10,9,8,7,7,,3,,3,1,1,1,,9,,,,,20,5851,3.42
187,פרדס חנה-כרכור,מספר בידודים בפועל,,,,,,248,246,228,221,196,181,176,148,153,134,136,93,94,,49,,49,19,20,11,,13,,,,,7,6350,1.10
188,פרדסיה,מספר בידודים בפועל,,,,,,76,63,56,52,47,44,38,30,31,23,21,11,11,,6,,6,2,2,0,,0,,,,,,13167,
189,פתח תקווה,מספר בידודים בפועל,,,,,,1457,1355,1178,1087,850,761,697,654,683,626,573,500,540,,360,,360,251,292,247,,208,,,,,163,252869,0.64
190,צור הדסה,מספר בידודים בפועל,,,,,,1457,1355,1178,1087,850,761,697,654,683,626,573,500,540,,360,,360,251,292,10,,9,,,,,,7856,
191,צור יצחק,מספר בידודים בפועל,,,,,,1457,1355,1178,1087,850,761,697,654,683,626,573,500,540,,360,,360,251,292,4,,3,,,,,,7543,
192,צפת,מספר בידודים בפועל,,,,,,251,249,203,198,151,142,136,144,145,119,113,100,108,,78,,78,46,46,39,,26,,,,,17,46146,0.37
193,קדימה-צורן,מספר בידודים בפועל,,,,,,244,219,192,171,130,116,122,111,112,86,72,41,44,,29,,29,21,22,12,,8,,,,,5,40493,0.12
194,קיסריה,מספר בידודים בפועל,,,,,,244,219,192,171,130,116,122,111,112,86,72,41,44,,29,,29,21,22,11,,10,,,,,,5272,
195,קלנסווה,מספר בידודים בפועל,,,,,,70,81,85,89,100,95,79,72,75,71,70,67,72,,56,,56,33,34,21,,20,,,,,15,5677,2.64
196,קצרין,מספר בידודים בפועל,,,,,,69,79,71,63,47,44,28,21,21,17,18,14,14,,10,,10,9,9,5,,5,,,,,1,69033,0.01
197,קרית אונו,מספר בידודים בפועל,,,,,,264,250,227,199,142,121,116,110,114,99,91,80,90,,57,,57,33,37,27,,24,,,,,15,5565,2.70
198,קרית ארבע,מספר בידודים בפועל,,,,,,85,81,74,72,28,30,25,23,24,14,11,11,12,,8,,8,5,7,4,,3,,,,,3,31056,0.10
199,קרית אתא,מספר בידודים בפועל,,,,,,280,260,246,229,184,162,135,124,126,91,81,56,60,,32,,32,25,28,20,,24,,,,,22,24270,0.91
200,קרית ביאליק,מספר בידודים בפועל,,,,,,237,222,207,180,133,124,116,105,109,86,79,63,67,,41,,41,30,31,21,,16,,,,,11,11148,0.99
201,קרית גת,מספר בידודים בפועל,,,,,,261,251,216,204,161,142,132,132,143,119,112,91,99,,51,,51,23,28,28,,37,,,,,42,13700,3.07
202,קרית טבעון,מספר בידודים בפועל,,,,,,140,127,126,122,101,88,79,104,108,107,100,74,79,,52,,52,38,38,11,,8,,,,,4,9866,0.41
203,קרית ים,מספר בידודים בפועל,,,,,,433,418,384,363,276,237,189,147,151,75,58,40,50,,34,,34,25,27,20,,20,,,,,11,12862,0.86
204,קרית יערים,מספר בידודים בפועל,,,,,,203,186,124,88,26,27,26,27,28,21,20,17,20,,15,,15,15,15,10,,5,,,,,5,75832,0.07
205,קרית מוצקין,מספר בידודים בפועל,,,,,,252,236,217,198,160,159,129,117,120,94,82,64,65,,27,,27,26,30,23,,14,,,,,18,6350,2.83
206,קרית מלאכי,מספר בידודים בפועל,,,,,,145,130,124,122,102,94,88,87,89,76,75,60,61,,25,,25,25,26,24,,35,,,,,42,61019,0.69
207,קרית עקרון,מספר בידודים בפועל,,,,,,62,58,52,43,36,35,37,31,34,30,33,24,26,,20,,20,16,17,12,,6,,,,,2,43128,0.05
208,קרית שמונה,מספר בידודים בפועל,,,,,,131,126,119,102,82,75,56,53,53,78,77,68,72,,49,,49,31,31,20,,18,,,,,12,24761,0.48
209,קרני שומרון,מספר בידודים בפועל,,,,,,44,41,36,34,33,27,22,19,20,19,20,14,19,,14,,14,13,14,14,,10,,,,,2,20425,0.10
210,ראמה,מספר בידודים בפועל,,,,,,28,28,32,29,26,21,15,16,17,15,14,11,14,,10,,10,5,5,3,,4,,,,,4,8243,0.49
211,ראש העין,מספר בידודים בפועל,,,,,,484,454,422,399,325,310,273,248,258,221,211,151,181,,125,,125,118,143,111,,95,,,,,53,8194,6.47
212,ראשון לציון,מספר בידודים בפועל,,,,,,2119,1950,1469,1423,1124,1016,942,921,954,779,728,606,638,,430,,430,313,333,253,,178,,,,,122,246025,0.50
213,רהט,מספר בידודים בפועל,,,,,,235,250,267,249,209,184,159,137,140,127,113,102,107,,84,,84,48,49,41,,37,,,,,18,13113,1.37
214,רחובות,מספר בידודים בפועל,,,,,,1141,1025,910,803,605,573,572,574,605,560,534,429,461,,268,,268,175,194,123,,106,,,,,94,73632,1.28
215,ריינה,מספר בידודים בפועל,,,,,,48,48,51,47,45,43,42,38,39,35,28,26,26,,18,,18,7,7,3,,3,,,,,4,16614,0.24
216,רכסים,מספר בידודים בפועל,,,,,,20,21,18,21,21,19,21,27,38,35,32,30,31,,13,,13,10,10,6,,2,,,,,2,47982,0.04
217,רמלה,מספר בידודים בפועל,,,,,,314,338,343,332,289,256,237,212,219,192,182,175,189,,114,,114,65,72,38,,37,,,,,38,46884,0.81
218,רמת גן,מספר בידודים בפועל,,,,,,1315,1146,982,907,697,629,598,543,574,486,445,334,357,,196,,196,132,143,103,,86,,,,,72,123113,0.58
219,רמת השרון,מספר בידודים בפועל,,,,,,447,386,338,325,236,212,202,180,184,143,120,92,98,,48,,48,27,31,20,,22,,,,,14,60210,0.23
220,רמת ישי,מספר בידודים בפועל,,,,,,75,74,61,58,55,50,44,111,128,133,132,119,120,,62,,62,38,38,5,,3,,,,,1,29035,0.03
221,רמת נגב,מספר בידודים בפועל,,,,,,78,78,68,64,44,45,42,37,37,33,31,19,19,,7,,7,,1,,,,,,,,5,,
222,רעננה,מספר בידודים בפועל,,,,,,788,718,640,579,457,399,353,316,325,275,253,200,208,,114,,114,75,78,55,,46,,,,,43,36913,1.16
223,שבלי - אום אל-גנם,מספר בידודים בפועל,,,,,,29,33,36,36,31,32,26,24,24,25,22,21,25,,25,,25,14,14,11,,,,,,,6,12110,0.50
224,שגב-שלום,מספר בידודים בפועל,,,,,,30,32,33,31,27,23,23,16,16,9,7,6,7,,4,,4,3,3,3,,3,,,,,1,10310,0.10
225,שדות נגב,מספר בידודים בפועל,,,,,,74,67,65,70,60,50,53,49,50,39,37,30,32,,28,,28,22,22,,,,,,,,11,,
226,שדרות,מספר בידודים בפועל,,,,,,98,107,98,94,74,70,67,72,78,69,66,54,58,,34,,34,28,32,23,,19,,,,,17,38581,0.44
227,שוהם,מספר בידודים בפועל,,,,,,252,228,209,201,170,149,132,133,139,117,107,79,86,,44,,44,28,30,25,,19,,,,,15,20990,0.71
228,שומרון,מספר בידודים בפועל,,,,,,377,302,259,251,180,148,131,111,116,116,112,111,123,,59,,59,37,41,,,,,,,,21,,
229,שלומי,מספר בידודים בפועל,,,,,,31,26,30,29,34,33,37,34,36,36,37,37,38,,16,,16,6,6,2,,11,,,,,11,11799,0.93
230,שעב,מספר בידודים בפועל,,,,,,16,16,13,16,17,19,14,14,14,13,12,9,10,,8,,8,5,5,0,,0,,,,,5,7191,0.70
231,שער הנגב,מספר בידודים בפועל,,,,,,43,38,37,35,29,31,29,27,28,27,30,22,22,,12,,12,10,11,,,,,,,,3,,
232,שערי תקווה,מספר בידודים בפועל,,,,,,43,38,37,35,29,31,29,27,28,27,30,22,22,,12,,12,10,11,7,,8,,,,,,5584,
233,שפיר,מספר בידודים בפועל,,,,,,74,73,60,56,25,27,31,35,37,34,34,32,34,,24,,24,22,23,,,,,,,,13,,
234,שפרעם,מספר בידודים בפועל,,,,,,170,171,183,170,152,149,124,110,123,108,91,91,93,,66,,66,33,33,38,,51,,,,,35,6837,5.12
235,תל אביב - יפו,מספר בידודים בפועל,,,,,,6967,6552,6047,5774,4780,4369,4024,3651,3700,3070,2760,1865,1946,,1055,,1055,487,505,351,,336,,,,,232,450192,0.52
236,תל מונד,מספר בידודים בפועל,,,,,,145,137,119,104,92,81,81,73,75,64,58,42,44,,16,,16,7,8,4,,3,,,,,5,46306,0.11
237,תל שבע,מספר בידודים בפועל,,,,,,46,41,43,40,42,37,31,23,24,15,14,14,14,,14,,14,8,8,3,,3,,,,,6,12141,0.49
238,אבו גוש,מספר חולים מאומתים,,,,,,,,,,,1,,,1,,1,1,1,,1,,1,1,1,1,,1,1,1,1,1,,14732,
239,אבו סנאן,מספר חולים מאומתים,,,,,,,,,,,,,,,,,,,,,,,,1,1,,1,2,2,2,3,,13164,
240,אבו קורינאת (שבט),מספר חולים מאומתים,,,,,,,,,,,,,,,,,,,,,,,,,,,,,,0,0,,6235,
241,אבו רובייעה (שבט),מספר חולים מאומתים,,,,,,,,,,,,,,1,,1,1,1,,1,,1,1,1,1,,1,1,1,1,1,,6586,
242,אבו רוקייק (שבט),מספר חולים מאומתים,,,,,,,,,,,,,,,,,,,,,,,,,,,,,,0,0,,9696,
243,אבן יהודה,מספר חולים מאומתים,,,,,,,,,,,18,,,21,,23,23,23,,24,,24,24,25,27,,27,27,28,27,27,,34536,
244,אום אל-פחם,מספר חולים מאומתים,,,,,,,,,,,,,,13,,16,19,19,,22,,28,32,48,48,,55,58,58,58,59,,5220,
245,אופקים,מספר חולים מאומתים,,,,,,,,,,,12,,,17,,21,22,22,,28,,31,33,33,35,,38,38,40,42,43,,26351,
246,אור יהודה,מספר חולים מאומתים,,,,,,,,,,,50,,56,74,,84,93,95,,102,,110,113,117,120,,122,125,127,128,131,,11193,
247,אור עקיבא,מספר חולים מאומתים,,,,,,,,,,,2,,,3,,3,3,3,,5,,5,6,6,6,,6,7,7,7,7,,18905,
248,אורנית,מספר חולים מאומתים,,,,,,,,,,,1,,,1,,2,2,2,,2,,3,3,3,3,,3,3,3,3,4,,7211,
249,אזור,מספר חולים מאומתים,,,,,,,,,,,12,,,20,,21,23,24,,26,,28,28,28,30,,30,30,30,30,30,,13139,
250,אילת,מספר חולים מאומתים,,,,,,,,,,,8,,,10,,10,12,12,,14,,16,18,20,20,,22,23,23,23,24,,23962,
251,אכסאל,מספר חולים מאומתים,,,,,,,,,,,1,,,3,,4,4,4,,6,,6,6,6,6,,7,7,7,7,7,,9071,
252,אל קסום,מספר חולים מאומתים,,,,,,,,,,,,,,,,,,,,,,,,,,,,,,,,,,
253,אל-בטוף,מספר חולים מאומתים,,,,,,,,,,,,,,,,,,,,,,,,,,,,,,,,,,
254,אלעד,מספר חולים מאומתים,,,,,,,42,47,52,58,68,,79,120,,133,163,172,,215,,233,242,253,278,,301,302,309,314,321,,226175,
255,אלפי מנשה,מספר חולים מאומתים,,,,,,,,,,,3,,,5,,5,5,5,,5,,5,5,5,5,,6,6,6,6,6,,18675,
256,אעבלין,מספר חולים מאומתים,,,,,,,,,,,,,,,,,,,,,,,,,,,,,,0,0,,13062,
257,אעצם (שבט),מספר חולים מאומתים,,,,,,,,,,,,,,,,,,,,,,,,,,,,,,0,0,,10149,
258,אפרת,מספר חולים מאומתים,25,28,31,31,39,41,43,46,49,,52,,58,61,,61,63,64,,64,,64,64,64,64,,64,64,64,64,64,,57267,
259,אריאל,מספר חולים מאומתים,,,,,,,,,,,3,,,4,,4,5,5,,5,,6,7,8,9,,11,11,12,12,12,,7835,
260,אשדוד,מספר חולים מאומתים,19,21,33,34,42,48,57,60,62,68,81,,99,111,,129,140,145,,160,,170,173,179,195,,228,232,240,246,253,,160192,
261,אשכול,מספר חולים מאומתים,,,,,,,,,,,,,,,,,,,,,,,,,,,,,,,,,,
262,אשקלון,מספר חולים מאומתים,12,17,24,36,54,64,79,88,97,112,114,,125,170,,191,207,209,,216,,225,228,228,235,,272,277,280,280,251,,143795,
263,באקה אל-גרביה,מספר חולים מאומתים,,,,,,,,,,,,,,4,,5,10,10,,13,,14,18,18,20,,21,21,21,21,21,,18121,
264,באר טוביה,מספר חולים מאומתים,,,,,,,,,,,,,,,,,,,,,,,,,,,,,,,,,,
265,באר יעקב,מספר חולים מאומתים,,,,,,,,,,,8,,,16,,16,16,16,,17,,18,18,18,19,,21,21,21,21,22,,60733,
266,באר שבע,מספר חולים מאומתים,,18,20,23,34,43,48,54,70,79,83,,92,112,,121,122,125,,127,,135,141,144,146,,152,153,152,152,153,,130789,
267,בוסתן-אל-מרג',מספר חולים מאומתים,,,,,,,,,,,,,,,,,,,,,,,,,,,,,,,,,,
268,בועיינה- נוג׳ידאת,מספר חולים מאומתים,,,,,,,,,,,,,,,,1,1,1,,2,,2,2,2,2,,3,3,3,3,3,,19850,
269,בוקעאתא,מספר חולים מאומתים,,,,,,,,,,,,,,2,,2,2,2,,2,,2,2,2,2,,2,2,2,2,2,,6315,
270,ביר אל-מכסור,מספר חולים מאומתים,,,,,,,,,,,,,,5,,5,5,5,,5,,5,5,5,5,,5,5,5,5,5,,14972,
271,בית אל,מספר חולים מאומתים,,,,,,,,,,,1,,,2,,2,3,3,,3,,5,5,8,8,,12,12,12,12,12,,6042,
272,בית אריה,מספר חולים מאומתים,,,,,,,,,,,,,,,,,,,,,,,,,9,,9,9,9,10,11,,4981,
273,בית ג'ן,מספר חולים מאומתים,,,,,,,,,,,,,,,,,,,,,,,,,,,,,,0,0,,11757,
274,בית דגן,מספר חולים מאומתים,,,,,,,,,,,1,,,3,,3,3,3,,4,,4,4,4,4,,4,4,4,4,4,,14500,
275,בית שאן,מספר חולים מאומתים,,,,,,,,,,,,,,,,,,,,,,,,,,,,,,2,2,,19058,
276,בית שמש,מספר חולים מאומתים,,,,,,,,46,50,62,76,,92,118,,137,148,152,,169,,188,199,211,226,,272,278,287,308,319,,218401,
277,ביתר עילית,מספר חולים מאומתים,,,,,,,,,,,38,,,70,,88,96,97,,103,,137,147,161,177,,207,210,219,224,233,,96608,
278,בני ברק,מספר חולים מאומתים,24,30,41,76,116,177,273,319,409,477,571,,723,1061,,1214,1323,1386,,1594,,1761,1806,1888,2053,,2150,2201,2258,2307,2349,,199230,
279,"בני עי""ש",מספר חולים מאומתים,,,,,,,,,,,,,,4,,4,4,4,,4,,5,5,5,5,,5,6,6,6,6,,7723,
280,בני שמעון,מספר חולים מאומתים,,,,,,,,,,,,,,,,,,,,,,,,,,,,,,,,,,
281,בנימינה-גבעת עדה,מספר חולים מאומתים,,,,,,,,,,,,,,1,,2,2,2,,2,,2,3,3,3,,3,3,3,3,3,,5984,
282,"בסמ""ה",מספר חולים מאומתים,,,,,,,,,,,,,,2,,2,2,2,,2,,2,3,3,3,,3,3,3,3,3,,5579,
283,בסמת טבעון,מספר חולים מאומתים,,,,,,,,,,,2,,,2,,2,2,2,,2,,2,2,2,2,,2,2,2,2,2,,5342,
284,בענה,מספר חולים מאומתים,,,,,,,,,,,,,,1,,1,1,1,,1,,1,1,1,1,,6,9,9,14,18,,10532,
285,ברנר,מספר חולים מאומתים,,,,,,,,,,,,,,,,,,,,,,,,,,,,,,,,,,
286,בת חפר,מספר חולים מאומתים,,,,,,,,,,,1,,,1,,1,1,1,,1,,1,1,1,1,,1,1,1,1,1,,20524,
287,בת ים,מספר חולים מאומתים,,,,,,33,44,57,58,67,76,,81,102,,103,125,125,,114,,142,142,137,146,,155,156,157,164,165,,285023,
288,ג'דיידה-מכר,מספר חולים מאומתים,,,,,,,,,,,,,,2,,2,2,2,,2,,2,2,2,2,,2,2,2,2,2,,6724,
289,ג'ולס,מספר חולים מאומתים,,,,,,,,,,,,,,2,,2,2,2,,2,,2,2,2,2,,2,2,2,2,2,,43811,
290,ג'לג'וליה,מספר חולים מאומתים,,,,,,,,,,,,,,1,,1,3,3,,3,,4,5,5,7,,7,7,7,7,7,,6147,
291,ג'סר א-זרקא,מספר חולים מאומתים,,,,,,,,,,,,,,3,,10,15,15,,25,,29,31,32,35,,36,37,38,38,38,,22622,
292,ג'ת,מספר חולים מאומתים,,,,,,,,,,,2,,,6,,7,12,13,,13,,16,16,18,18,,20,23,23,23,23,,10403,
293,גבע בנימין,מספר חולים מאומתים,,,,,,,,,,,4,,,4,,4,5,5,,5,,6,7,7,8,,8,9,9,9,10,,41559,
294,גבעת זאב,מספר חולים מאומתים,,,,,,,,,,,10,,,14,,15,15,15,,17,,22,23,23,28,,32,34,35,35,35,,19584,
295,גבעת שמואל,מספר חולים מאומתים,,,,,,,,,,,18,,,24,,26,27,28,,31,,33,35,35,36,,38,38,38,39,39,,27563,
296,גבעתיים,מספר חולים מאומתים,,,,,,,,,,,22,,,27,,28,29,29,,29,,30,33,35,36,,36,36,38,38,39,,28093,
297,גדרה,מספר חולים מאומתים,,,,,,,,,,,19,,,19,,20,20,20,,21,,21,21,21,24,,24,24,24,24,25,,24068,
298,גולן,מספר חולים מאומתים,,,,,,,,,,,,,,,,,,,,,,,,,,,,,,,,,,
299,גוש עציון,מספר חולים מאומתים,,,,,,,,,,,,,,,,,,,,,,,,,,,,,,,,,,
300,גזר,מספר חולים מאומתים,,,,,,,,,,,,,,,,,,,,,,,,,,,,,,,,,,
301,גן יבנה,מספר חולים מאומתים,,,,,,,,,,,18,,,21,,22,23,23,,23,,24,25,25,26,,27,27,27,27,27,,40136,
302,גן רווה,מספר חולים מאומתים,,,,,,,,,,,,,,,,,,,,,,,,,,,,,,,,,,
303,גני תקווה,מספר חולים מאומתים,,,,,,,,,,,17,,,23,,24,25,25,,25,,27,28,32,33,,35,35,35,37,38,,19682,
304,דאלית אל-כרמל,מספר חולים מאומתים,,,,,,,,,,,,,,,,,,,,,,,,,,,,,,0,0,,16993,
305,דבוריה,מספר חולים מאומתים,,,,,,,,,,,4,,,7,,13,13,13,,16,,22,23,23,24,,25,28,28,28,28,,51934,
306,דייר אל-אסד,מספר חולים מאומתים,,,,,,,,,,,,,,1,,1,1,1,,1,,3,6,8,9,,30,45,72,89,99,,26184,
307,דייר חנא,מספר חולים מאומתים,,,,,,,,,,,5,,,6,,6,7,7,,8,,10,10,10,10,,10,10,11,11,11,,10999,
308,דימונה,מספר חולים מאומתים,,,,,,,,,,,15,,,19,,22,22,23,,25,,25,27,27,28,,30,30,30,30,30,,26880,
309,דרום השרון,מספר חולים מאומתים,,,,,,,,,,,,,,,,,,,,,,,,,,,,,,,,,,
310,הגלבוע,מספר חולים מאומתים,,,,,,,,,,,,,,,,,,,,,,,,,,,,,,,,,,
311,הגליל העליון,מספר חולים מאומתים,,,,,,,,,,,,,,,,,,,,,,,,,,,,,,,,,,
312,הגליל התחתון,מספר חולים מאומתים,,,,,,,,,,,,,,,,,,,,,,,,,,,,,,,,,,
313,הוד השרון,מספר חולים מאומתים,,,,,,,,,,,25,,,29,,29,30,30,,33,,35,36,36,36,,36,36,36,37,37,,99870,
314,הר חברון,מספר חולים מאומתים,,,,,,,,,,,,,,,,,,,,,,,,,,,,,,,,,,
315,הרצליה,מספר חולים מאומתים,13,,23,25,30,37,40,,,,53,,59,69,,74,77,79,,85,,92,93,94,94,,96,96,96,96,97,,87108,
316,זבולון,מספר חולים מאומתים,,,,,,,,,,,,,,,,,,,,,,,,,,,,,,,,,,
317,זכרון יעקב,מספר חולים מאומתים,,,,,,,,,,,17,,,22,,22,23,24,,26,,34,35,35,36,,36,36,36,36,38,,59196,
318,זמר,מספר חולים מאומתים,,,,,,,,,,,,,,1,,1,1,1,,1,,2,3,3,3,,3,3,3,3,3,,22449,
319,זרזיר,מספר חולים מאומתים,,,,,,,,,,,,,,,,,,,,,,,,,,,,,,0,0,,8385,
320,חבל יבנה,מספר חולים מאומתים,,,,,,,,,,,,,,,,,,,,,,,,,,,,,,,,,,
321,חבל מודיעין,מספר חולים מאומתים,,,,,,,,,,,,,,,,,,,,,,,,,,,,,,,,,,
322,חדרה,מספר חולים מאומתים,,,,,,,,,,,20,,,22,,24,24,24,,25,,30,34,35,36,,38,38,38,38,38,,59006,
323,חולון,מספר חולים מאומתים,,,,,31,40,49,58,64,71,75,,83,104,,110,136,140,,128,,159,162,152,158,,164,166,170,170,175,,25792,
324,חוף אשקלון,מספר חולים מאומתים,,,,,,,,,,,,,,,,,,,,,,,,,,,,,,,,,,
325,חוף הכרמל,מספר חולים מאומתים,,,,,,,,,,,,,,,,,,,,,,,,,,,,,,,,,,
326,חוף השרון,מספר חולים מאומתים,,,,,,,,,,,,,,,,,,,,,,,,,,,,,,,,,,
327,חורה,מספר חולים מאומתים,,,,,,,,,,,,,,,,,,,,,,,,,,,,,,0,0,,16983,
328,חורפיש,מספר חולים מאומתים,,,,,,,,,,,1,,,1,,1,1,1,,1,,2,2,2,2,,2,2,2,2,2,,8446,
329,חיפה,מספר חולים מאומתים,15,19,22,25,29,33,,46,,,67,,81,96,,105,106,108,,118,,127,134,136,139,,142,146,148,149,152,,47866,
330,חצור הגלילית,מספר חולים מאומתים,,,,,,,,,,,,,,,,,,1,,2,,2,2,3,4,,4,4,4,4,6,,9722,
331,חריש,מספר חולים מאומתים,,,,,,,,,,,2,,,3,,4,4,4,,4,,4,4,4,5,,5,5,5,5,5,,25369,
332,טבריה,מספר חולים מאומתים,,,,,,,,,,,32,,,83,,94,96,96,,119,,129,130,133,134,,144,148,152,153,153,,143579,
333,טובא-זנגריה,מספר חולים מאומתים,,,,,,,,,,,,,,1,,1,1,1,,1,,1,1,1,1,,1,1,1,1,1,,14383,
334,טורעאן,מספר חולים מאומתים,,,,,,,,,,,,,,,,,,,,,,,,,,,,,,0,0,,14398,
335,טייבה,מספר חולים מאומתים,,,,,,,,,,,2,,,8,,8,8,8,,9,,10,10,10,11,,11,11,13,15,15,,22609,
336,טירה,מספר חולים מאומתים,,,,,,,,,,,,,,2,,3,3,3,,3,,4,4,4,5,,5,5,5,5,5,,9975,
337,טירת כרמל,מספר חולים מאומתים,,,,,,,,,,,11,,,13,,13,13,14,,14,,14,14,14,14,,14,14,14,14,14,,29123,
338,טמרה,מספר חולים מאומתים,,,,,,,,,,,11,,,14,,14,14,15,,15,,16,16,16,16,,16,16,16,16,16,,7797,
339,יאנוח-ג'ת,מספר חולים מאומתים,,,,,,,,,,,,,,,,,,,,,,,,,,,,,,1,1,,6514,
340,יבנה,מספר חולים מאומתים,,,,,,,,,,,18,,,21,,25,27,27,,28,,31,33,32,34,,34,35,35,35,37,,23075,
341,יהוד,מספר חולים מאומתים,18,18,21,29,32,39,47,50,56,57,,,55,59,,61,62,62,,63,,64,65,65,66,,70,70,70,70,70,,79760,
342,יואב,מספר חולים מאומתים,,,,,,,,,,,,,,,,,,,,,,,,,,,,,,,,,,
343,יפיע,מספר חולים מאומתים,,,,,,,,,,,1,,,3,,3,3,3,,3,,3,3,3,3,,3,4,6,6,7,,9483,
344,יקנעם עילית,מספר חולים מאומתים,,,,,,,,,,,10,,,10,,11,13,13,,13,,14,14,14,14,,14,14,14,15,15,,49607,
345,ירוחם,מספר חולים מאומתים,,,,,,,,,,,1,,,1,,1,1,1,,1,,3,5,5,5,,5,5,6,6,6,,8355,
346,ירושלים,מספר חולים מאומתים,95,119,142,215,269,323,352,402,465,573,650,,807,1132,,1302,1424,1464,,1630,,1821,1959,2093,2258,,2418,2477,2524,2579,2672,,925890,
347,ירכא,מספר חולים מאומתים,,,,,,,,,,,,,,,,,,,,,,,,,,,,,,0,0,,15418,
348,כאבול,מספר חולים מאומתים,,,,,,,,,,,,,,,,,,,,,,,,2,2,,2,2,3,3,4,,12102,
349,כוכב יאיר,מספר חולים מאומתים,,,,,,,,,,,7,,,8,,8,8,8,,8,,9,9,9,9,,11,11,11,12,12,,21079,
350,כוכב יעקב,מספר חולים מאומתים,,,,,,,,,,,16,,,32,,36,41,41,,42,,44,55,56,57,,58,58,58,59,59,,62768,
351,כסיפה,מספר חולים מאומתים,,,,,,,,,,,4,,,6,,7,7,7,,7,,7,7,7,7,,7,7,7,7,7,,9590,
352,כסרא-סמיע,מספר חולים מאומתים,,,,,,,,,,,,,,,,,,,,,,,,1,1,,1,1,1,1,1,,8550,
353,כעביה-טבאש-חג'אג'רה,מספר חולים מאומתים,,,,,,,,,,,,,,,,,,,,,,,,,,,,,,0,0,,5780,
354,כפר ורדים,מספר חולים מאומתים,,,,,,,,,,,1,,,1,,2,2,2,,2,,3,3,3,4,,4,4,4,4,4,,55324,
355,"כפר חב""ד",מספר חולים מאומתים,,,,,,,,,,,,,,39,,41,42,42,,43,,44,44,44,44,,44,44,44,45,45,,25181,
356,כפר יאסיף,מספר חולים מאומתים,,,,,,,,,,,,,,1,,1,2,2,,2,,2,2,2,3,,3,3,3,3,3,,10011,
357,כפר יונה,מספר חולים מאומתים,,,,,,,,,,,12,,,12,,14,14,14,,14,,14,14,14,14,,14,14,14,14,14,,26451,
358,כפר כנא,מספר חולים מאומתים,,,,,,,,,,,,,,2,,2,2,2,,2,,2,2,2,2,,2,3,3,4,4,,20831,
359,כפר מנדא,מספר חולים מאומתים,,,,,,,,,,,,,,,,,,,,,,,,,,,,,,0,1,,20003,
360,כפר סבא,מספר חולים מאומתים,,,,,,,,,,,36,,,50,,56,61,61,,63,,65,67,69,70,,72,75,76,77,78,,100921,
361,כפר קאסם,מספר חולים מאומתים,,,,,,,,,,,,,,,,1,1,3,,4,,4,7,11,11,,12,14,15,15,15,,9974,
362,כפר קרע,מספר חולים מאומתים,,,,,,,,,,,2,,,2,,2,2,2,,2,,6,6,6,6,,6,6,6,6,6,,22261,
363,כרמיאל,מספר חולים מאומתים,,,,,,,,,,,7,,,21,,21,24,24,,26,,29,30,37,38,,42,44,45,45,45,,33851,
364,לב השרון,מספר חולים מאומתים,,,,,,,,,,,,,,,,,,,,,,,,,,,,,,,,,,
365,להבים,מספר חולים מאומתים,,,,,,,,,,,3,,,6,,6,6,6,,6,,6,6,6,6,,6,6,7,7,7,,8553,
366,לוד,מספר חולים מאומתים,,,,,,,,,,,37,,,44,,46,48,48,,52,,54,62,65,69,,75,79,79,80,83,,40328,
367,לכיש,מספר חולים מאומתים,,,,,,,,,,,,,,,,,,,,,,,,,,,,,,,,,,
368,לקיה,מספר חולים מאומתים,,,,,,,,,,,,,,,,,,,,,,,,,,,,,,0,0,,14695,
369,מבואות החרמון,מספר חולים מאומתים,,,,,,,,,,,,,,,,,,,,,,,,,,,,,,,,,,
370,מבשרת ציון,מספר חולים מאומתים,,,,,,,,,,,6,,,9,,10,10,11,,13,,13,13,13,13,,14,15,15,15,15,,50538,
371,מג'ד אל-כרום,מספר חולים מאומתים,,,,,,,,,,,,,,,,,,,,,,,,,,,2,2,2,3,3,,15275,
372,מג'דל שמס,מספר חולים מאומתים,,,,,,,,,,,,,,1,,1,1,1,,1,,1,1,1,1,,1,1,1,1,1,,12435,
373,מגאר,מספר חולים מאומתים,,,,,,,,,,,4,,,7,,7,7,7,,7,,7,7,8,8,,8,8,8,8,8,,5525,
374,מגדל העמק,מספר חולים מאומתים,14,17,24,28,42,52,56,60,62,63,72,,74,82,,84,90,91,,92,,95,97,99,99,,99,100,100,100,101,,29104,
375,מגידו,מספר חולים מאומתים,,,,,,,,,,,,,,,,,,,,,,,,,,,,,,,,,,
376,מודיעין עילית,מספר חולים מאומתים,,,,,,,,,,,48,,61,91,,101,145,151,,174,,190,206,218,239,,261,266,271,283,288,,76233,
377,מודיעין-מכבים-רעות,מספר חולים מאומתים,36,37,39,42,47,51,61,66,67,76,,,84,91,,115,105,105,,112,,116,118,119,120,,120,123,123,123,124,,195229,
378,מזכרת בתיה,מספר חולים מאומתים,,,,,,,,,,,2,,,6,,7,10,10,,10,,10,10,10,10,,10,10,10,10,10,,77867,
379,מטה אשר,מספר חולים מאומתים,,,,,,,,,,,,,,,,,,,,,,,,,,,,,,,,,,
380,מטה בנימין,מספר חולים מאומתים,,,,,,,,,,,,,,,,,,,,,,,,,,,,,,,,,,
381,מטה יהודה,מספר חולים מאומתים,,,,,,,,,,,,,,,,,,,,,,,,,,,,,,,,,,
382,מיתר,מספר חולים מאומתים,,,,,,,,,,,1,,,2,,2,3,3,,3,,3,4,4,5,,8,8,8,8,8,,6367,
383,מנשה,מספר חולים מאומתים,,,,,,,,,,,,,,,,,,,,,,,,,,,,,,,,,,
384,מסעודין אל-עזאזמה,מספר חולים מאומתים,,,,,,,,,,,,,,1,,1,1,1,,1,,1,1,1,1,,1,1,1,1,1,,6926,
385,מעלה אדומים,מספר חולים מאומתים,,,,,,,,,,,16,,,27,,29,30,30,,33,,35,37,39,40,,41,41,41,41,41,,35717,
386,מעלה יוסף,מספר חולים מאומתים,,,,,,,,,,,,,,,,,,,,,,,,,,,,,,,,,,
387,מעלה עירון,מספר חולים מאומתים,,,,,,,,,,,2,,,3,,3,3,3,,4,,5,6,8,8,,9,9,9,9,9,,8807,
388,מעלות- תרשיחא,מספר חולים מאומתים,,,,,,,,,,,,,,9,,9,9,9,,10,,10,10,11,11,,12,13,13,13,13,,10345,
389,מצפה רמון,מספר חולים מאומתים,,,,,,,,,,,11,,,,,,,,,,,,,,22,,24,24,24,24,24,,23517,
390,מרום הגליל,מספר חולים מאומתים,,,,,,,,,,,,,,,,,,,,,,,,,,,,,,,,,,
391,מרחבים,מספר חולים מאומתים,,,,,,,,,,,,,,,,,,,,,,,,,,,,,,,,,,
392,משגב,מספר חולים מאומתים,,,,,,,,,,,,,,,,,,,,,,,,,,,,,,,,,,
393,משהד,מספר חולים מאומתים,,,,,,,,,,,,,,,,,,,,,,,,,,,,,,0,0,,8649,
394,נהריה,מספר חולים מאומתים,,,,,,,,,,,16,,,26,,26,26,27,,27,,28,28,28,30,,30,31,31,31,32,,23751,
395,נווה מדבר,מספר חולים מאומתים,,,,,,,,,,,,,,,,,,,,,,,,,,,,,,,,,,
396,נוף הגליל,מספר חולים מאומתים,,,,,,,,,,,,,,18,,22,22,23,,24,,26,27,27,29,,32,32,32,32,32,,30267,
397,נחל שורק,מספר חולים מאומתים,,,,,,,,,,,,,,,,,,,,,,,,,,,,,,,,,,
398,נחף,מספר חולים מאומתים,,,,,,,,,,,,,,1,,1,1,1,,1,,3,4,4,4,,4,5,5,5,6,,6648,
399,נס ציונה,מספר חולים מאומתים,,,,,,,,,,,5,,,8,,9,12,12,,15,,17,18,18,19,,20,20,21,21,21,,7381,
400,נצרת,מספר חולים מאומתים,,,,,,,,,,,3,,,7,,7,7,8,,9,,10,10,11,12,,14,15,16,16,16,,20456,
401,נשר,מספר חולים מאומתים,,,,,,,,,,,4,,,5,,5,5,5,,5,,5,5,5,5,,5,5,5,5,5,,14833,
402,נתיבות,מספר חולים מאומתים,,,,,,,,,,,15,,,20,,24,27,28,,31,,31,32,34,35,,47,49,50,54,67,,38194,
403,נתניה,מספר חולים מאומתים,,,20,29,34,44,57,59,71,78,83,,95,126,,137,141,142,,149,,156,160,161,173,,177,178,178,180,180,,213817,
404,סח'נין,מספר חולים מאומתים,,,,,,,,,,,6,,,6,,6,6,6,,6,,6,6,7,7,,7,8,8,8,8,,7903,
405,עומר,מספר חולים מאומתים,,,,,,,,,,,8,,,10,,10,10,10,,10,,10,10,11,11,,11,11,11,11,11,,46166,
406,עיילבון,מספר חולים מאומתים,,,,,,,,,,,,,,1,,1,2,2,,3,,4,5,5,5,,5,6,6,7,7,,10577,
407,עילוט,מספר חולים מאומתים,,,,,,,,,,,,,,,,,,,,,,,,,,,,1,1,2,2,,8241,
408,עין מאהל,מספר חולים מאומתים,,,,,,,,,,,,,,,,,1,2,,3,,3,3,3,4,,5,5,5,5,5,,13388,
409,עכו,מספר חולים מאומתים,,,,,,,,,,,6,,,12,,13,14,16,,16,,17,17,17,18,,18,20,20,20,21,,7586,
410,עמק הירדן,מספר חולים מאומתים,,,,,,,,,,,,,,,,,,,,,,,,,,,,,,,,,,
411,עמק המעיינות,מספר חולים מאומתים,,,,,,,,,,,,,,,,,,,,,,,,,,,,,,,,,,
412,עמק חפר,מספר חולים מאומתים,,,,,,,,,,,,,,,,,,,,,,,,,,,,,,,,,,
413,עמק יזרעאל,מספר חולים מאומתים,,,,,,,,,,,,,,,,,,,,,,,,,,,,,,,,,,
414,עמק לוד,מספר חולים מאומתים,,,,,,,,,,,,,,,,,,,,,,,,,,,,,,,,,,
415,עספיא,מספר חולים מאומתים,,,,,,,,,,,,,,1,,1,1,1,,1,,3,3,4,4,,4,4,4,4,4,,11089,
416,עפולה,מספר חולים מאומתים,,,,,,,,,,,34,,,41,,49,51,51,,54,,56,56,56,60,,61,62,63,64,65,,53883,
417,עראבה,מספר חולים מאומתים,,,,,,,,,,,1,,,1,,1,1,1,,1,,1,1,1,1,,3,3,3,3,3,,16644,
418,ערבות הירדן,מספר חולים מאומתים,,,,,,,,,,,,,,,,,,,,,,,,,,,,,,,,,,
419,ערד,מספר חולים מאומתים,,,,,,,,,,,9,,,12,,12,12,12,,12,,14,15,16,17,,18,18,18,19,19,,8772,
420,ערערה,מספר חולים מאומתים,,,,,,,,,,,,,,,,,,,,,,2,2,2,2,,2,2,2,2,2,,19667,
421,ערערה-בנגב,מספר חולים מאומתים,,,,,,,,,,,,,,,,,,,,1,,1,1,1,1,,1,1,1,1,2,,17465,
422,עתלית,מספר חולים מאומתים,,,,,,,,,,,2,,,2,,2,2,2,,2,,2,2,2,2,,2,2,2,2,2,,40622,
423,פוריידיס,מספר חולים מאומתים,,,,,,,,,,,,,,,,,,,,,,1,2,2,2,,2,4,5,6,6,,13133,
424,פקיעין (בוקייעה),מספר חולים מאומתים,,,,,,,,,,,,,,,,,,,,,,2,2,2,6,,9,10,12,13,13,,5851,
425,פרדס חנה-כרכור,מספר חולים מאומתים,,,,,,,,,,,,,,6,,6,7,7,,7,,8,10,10,10,,11,11,11,11,11,,6350,
426,פרדסיה,מספר חולים מאומתים,,,,,,,,,,,1,,,1,,1,1,1,,1,,1,2,2,2,,2,2,2,2,2,,13167,
427,פתח תקווה,מספר חולים מאומתים,22,23,27,32,42,46,64,77,90,95,96,,111,138,,159,167,172,,190,,199,210,218,224,,235,239,240,243,243,,252869,
428,צור הדסה,מספר חולים מאומתים,,,,,,,,,,,,,,,,,,,,4,,5,5,5,5,,5,5,5,5,5,,7856,
429,צור יצחק,מספר חולים מאומתים,,,,,,,,,,,3,,,3,,3,3,4,,4,,4,4,4,4,,4,4,4,4,4,,7543,
430,צפת,מספר חולים מאומתים,,,,,,,,,,,19,,,37,,43,44,47,,48,,52,54,55,56,,60,69,70,70,71,,46146,
431,קדימה-צורן,מספר חולים מאומתים,,,,,,,,,,,,,,11,,11,12,12,,13,,14,14,14,14,,14,14,14,14,14,,40493,
432,קיסריה,מספר חולים מאומתים,,,,,,,,,,,,,,,,,1,1,,1,,1,1,1,2,,2,2,2,2,2,,5272,
433,קלנסווה,מספר חולים מאומתים,,,,,,,,,,,1,,,1,,1,1,1,,1,,1,1,1,1,,1,1,1,1,1,,5677,
434,קצרין,מספר חולים מאומתים,,,,,,,,,,,5,,,8,,9,9,9,,13,,13,13,14,15,,16,16,16,16,16,,69033,
435,קרית אונו,מספר חולים מאומתים,,,,,,,,,,,33,,,38,,41,43,45,,46,,46,46,49,49,,52,52,52,52,53,,5565,
436,קרית ארבע,מספר חולים מאומתים,,,,,,,,,,,10,,,11,,11,11,11,,11,,11,12,12,13,,13,13,13,13,13,,31056,
437,קרית אתא,מספר חולים מאומתים,,,,,,,,,,,12,,,16,,16,16,16,,17,,19,19,20,21,,21,21,21,21,21,,24270,
438,קרית ביאליק,מספר חולים מאומתים,,,,,,,,,,,6,,,7,,8,10,10,,11,,11,12,12,13,,15,15,16,16,16,,11148,
439,קרית גת,מספר חולים מאומתים,,,,,,,,,,,22,,,26,,26,26,27,,32,,32,34,35,37,,38,38,38,38,39,,13700,
440,קרית טבעון,מספר חולים מאומתים,,,,,,,,,,,2,,,2,,2,2,2,,2,,3,3,3,3,,3,3,3,3,3,,9866,
441,קרית ים,מספר חולים מאומתים,,,,,,,,,,,13,,,19,,20,21,21,,21,,21,21,21,21,,23,23,23,23,23,,12862,
442,קרית יערים,מספר חולים מאומתים,,,,,,,,,,,30,,,36,,37,38,38,,38,,38,39,39,39,,39,39,39,39,39,,75832,
443,קרית מוצקין,מספר חולים מאומתים,,,,,,,,,,,5,,,6,,6,7,7,,7,,10,10,10,10,,11,12,12,12,12,,6350,
444,קרית מלאכי,מספר חולים מאומתים,,,,,,,,,,,32,,,35,,36,39,40,,42,,44,46,46,50,,56,56,57,57,59,,61019,
445,קרית עקרון,מספר חולים מאומתים,,,,,,,,,,,3,,,4,,6,6,6,,7,,7,7,9,9,,9,10,10,10,10,,43128,
446,קרית שמונה,מספר חולים מאומתים,,,,,,,,,,,6,,,9,,9,10,10,,10,,12,12,12,13,,13,13,13,13,14,,24761,
447,קרני שומרון,מספר חולים מאומתים,,,,,,,,,,,4,,,6,,6,6,6,,6,,6,8,8,8,,8,8,8,8,8,,20425,
448,ראמה,מספר חולים מאומתים,,,,,,,,,,,,,,,,,,,,,,,,,,,1,1,1,1,1,,8243,
449,ראש העין,מספר חולים מאומתים,,,,,,,,,,,10,,,21,,24,26,27,,30,,31,34,34,36,,36,37,38,38,41,,8194,
450,ראשון לציון,מספר חולים מאומתים,20,22,32,37,45,55,68,81,85,90,103,,119,132,,139,149,152,,180,,192,195,202,203,,208,213,214,215,216,,246025,
451,רהט,מספר חולים מאומתים,,,,,,,,,,,4,,,4,,5,7,7,,7,,10,13,19,20,,34,36,36,39,42,,13113,
452,רחובות,מספר חולים מאומתים,14,16,18,23,30,37,43,,,56,53,,61,66,,68,77,77,,80,,87,92,97,104,,109,111,111,111,112,,73632,
453,ריינה,מספר חולים מאומתים,,,,,,,,,,,,,,,,,,,,,,,,,,,,,,0,0,,16614,
454,רכסים,מספר חולים מאומתים,,,,,,,,,,,5,,,20,,27,27,28,,28,,28,29,32,35,,36,36,36,37,38,,47982,
455,רמלה,מספר חולים מאומתים,,,,,,,,,,,25,,,36,,40,44,45,,48,,52,56,58,58,,60,62,63,64,67,,46884,
456,רמת גן,מספר חולים מאומתים,21,21,25,34,36,43,51,60,65,76,81,,91,106,,116,118,118,,126,,135,136,141,147,,157,158,160,162,162,,123113,
457,רמת השרון,מספר חולים מאומתים,,,,,,,,,,,28,,,32,,33,33,34,,34,,35,39,39,41,,42,42,42,44,44,,60210,
458,רמת ישי,מספר חולים מאומתים,,,,,,,,,,,2,,,2,,2,2,2,,2,,2,2,2,2,,2,2,2,2,2,,29035,
459,רמת נגב,מספר חולים מאומתים,,,,,,,,,,,,,,,,,,,,,,,,,,,,,,,,,,
460,רעננה,מספר חולים מאומתים,15,15,,21,,,,,50,58,57,,67,73,,75,78,78,,83,,87,90,91,92,,95,97,97,98,99,,36913,
461,שבלי - אום אל-גנם,מספר חולים מאומתים,,,,,,,,,,,,,,7,,10,10,10,,10,,10,10,10,10,,10,10,10,10,10,,12110,
462,שגב-שלום,מספר חולים מאומתים,,,,,,,,,,,,,,,,,,,,,,,,,,,,,,0,0,,10310,
463,שדות נגב,מספר חולים מאומתים,,,,,,,,,,,,,,,,,,,,,,,,,,,,,,,,,,
464,שדרות,מספר חולים מאומתים,,,,,,,,,,,13,,,24,,24,23,27,,27,,27,28,29,29,,29,29,30,30,31,,38581,
465,שוהם,מספר חולים מאומתים,,,,,,,,,,,19,,,25,,28,31,,,35,,35,37,37,38,,38,39,39,39,39,,20990,
466,שומרון,מספר חולים מאומתים,,,,,,,,,,,,,,,,,,,,,,,,,,,,,,,,,,
467,שלומי,מספר חולים מאומתים,,,,,,,,,,,3,,,5,,5,5,5,,5,,7,7,8,8,,9,9,9,9,9,,11799,
468,שעב,מספר חולים מאומתים,,,,,,,,,,,,,,,,,,,,,,,,,,,,,,0,2,,7191,
469,שער הנגב,מספר חולים מאומתים,,,,,,,,,,,,,,,,,,,,,,,,,,,,,,,,,,
470,שערי תקווה,מספר חולים מאומתים,,,,,,,,,,,,,,,,,,,,,,2,2,2,2,,3,3,3,3,3,,5584,
471,שפיר,מספר חולים מאומתים,,,,,,,,,,,,,,,,,,,,,,,,,,,,,,,,,,
472,שפרעם,מספר חולים מאומתים,,,,,,,,,,,1,,,2,,2,2,2,,2,,4,4,6,7,,7,7,7,7,7,,6837,
473,תל אביב - יפו,מספר חולים מאומתים,77,92,111,128,146,169,271,234,258,277,278,,301,337,,359,387,393,,415,,444,452,458,468,,483,488,491,500,504,,450192,
474,תל מונד,מספר חולים מאומתים,,,,,,,,,,,11,,,13,,13,13,13,,13,,14,14,14,14,,15,14,14,14,14,,46306,
475,תל שבע,מספר חולים מאומתים,,,,,,,,,,,,,,1,,1,1,1,,,,1,1,1,1,,1,1,1,1,1,,12141,
476,אבו גוש,מספר מחלימים,,,,,,,,,,,,,,,,,,,,,,,,,1,,1,1,1,1,1,,14732,
477,אבו סנאן,מספר מחלימים,,,,,,,,,,,,,,,,,,,,,,,,,0,,0,0,0,0,0,,13164,
478,אבו קורינאת (שבט),מספר מחלימים,,,,,,,,,,,,,,,,,,,,,,,,,0,,0,0,0,0,0,,6235,
479,אבו רובייעה (שבט),מספר מחלימים,,,,,,,,,,,,,,,,,,,,,,,,,0,,0,0,0,0,0,,6586,
480,אבו רוקייק (שבט),מספר מחלימים,,,,,,,,,,,,,,,,,,,,,,,,,0,,0,0,0,0,0,,9696,
481,אבן יהודה,מספר מחלימים,,,,,,,,,,,,,,,,,,,,,,,10,,10,,11,11,12,11,11,,34536,
482,אום אל-פחם,מספר מחלימים,,,,,,,,,,,,,,,,,,,,,,,3,,3,,5,5,7,11,11,,5220,
483,אופקים,מספר מחלימים,,,,,,,,,,,,,,,,,,,,,,,5,,7,,9,9,11,13,14,,26351,
484,אור יהודה,מספר מחלימים,,,,,,,,,,,,,,,,,,,,,,,15,,24,,28,32,35,41,41,,11193,
485,אור עקיבא,מספר מחלימים,,,,,,,,,,,,,,,,,,,,,,,,,0,,0,0,0,0,0,,18905,
486,אורנית,מספר מחלימים,,,,,,,,,,,,,,,,,,,,,,,,,1,,1,1,1,1,1,,7211,
487,אזור,מספר מחלימים,,,,,,,,,,,,,,,,,,,,,,,2,,4,,7,7,8,9,10,,13139,
488,אילת,מספר מחלימים,,,,,,,,,,,,,,,,,,,,,,,4,,4,,5,7,7,7,8,,23962,
489,אכסאל,מספר מחלימים,,,,,,,,,,,,,,,,,,,,,,,,,0,,1,1,1,1,1,,9071,
490,אל קסום,מספר מחלימים,,,,,,,,,,,,,,,,,,,,,,,,,,,,,,,,,,
491,אל-בטוף,מספר מחלימים,,,,,,,,,,,,,,,,,,,,,,,,,,,,,,,,,,
492,אלעד,מספר מחלימים,,,,,,,,,,,,,,,,,,,,,,,11,,19,,30,38,52,55,59,,226175,
493,אלפי מנשה,מספר מחלימים,,,,,,,,,,,,,,,,,,,,,,,2,,3,,3,4,4,4,4,,18675,
494,אעבלין,מספר מחלימים,,,,,,,,,,,,,,,,,,,,,,,,,0,,0,0,0,0,0,,13062,
495,אעצם (שבט),מספר מחלימים,,,,,,,,,,,,,,,,,,,,,,,,,0,,0,0,0,0,0,,10149,
496,אפרת,מספר מחלימים,,,,,,,,,,,,,,,,,,,,,,,27,,30,,30,30,32,35,37,,57267,
497,אריאל,מספר מחלימים,,,,,,,,,,,,,,,,,,,,,,,,,1,,1,2,1,2,2,,7835,
498,אשדוד,מספר מחלימים,,,,,,,,,,,,,,,,,,,,,,,30,,44,,62,70,76,88,97,,160192,
499,אשכול,מספר מחלימים,,,,,,,,,,,,,,,,,,,,,,,,,,,,,,,,,,
500,אשקלון,מספר מחלימים,,,,,,,,,,,,,,,,,,,,,,,48,,77,,110,119,127,137,141,,143795,
501,באקה אל-גרביה,מספר מחלימים,,,,,,,,,,,,,,,,,,,,,,,1,,1,,1,3,3,4,5,,18121,
502,באר טוביה,מספר מחלימים,,,,,,,,,,,,,,,,,,,,,,,,,,,,,,,,,,
503,באר יעקב,מספר מחלימים,,,,,,,,,,,,,,,,,,,,,,,1,,4,,4,5,5,7,8,,60733,
504,באר שבע,מספר מחלימים,,,,,,,,,,,,,,,,,,,,,,,16,,26,,33,38,42,46,51,,130789,
505,בוסתן-אל-מרג',מספר מחלימים,,,,,,,,,,,,,,,,,,,,,,,,,,,,,,,,,,
506,בועיינה- נוג׳ידאת,מספר מחלימים,,,,,,,,,,,,,,,,,,,,,,,,,,,,,,,1,,19850,
507,בוקעאתא,מספר מחלימים,,,,,,,,,,,,,,,,,,,,,,,2,,2,,2,2,2,2,2,,6315,
508,ביר אל-מכסור,מספר מחלימים,,,,,,,,,,,,,,,,,,,,,,,,,0,,0,0,0,0,0,,14972,
509,בית אל,מספר מחלימים,,,,,,,,,,,,,,,,,,,,,,,,,0,,0,0,1,1,1,,6042,
510,בית אריה,מספר מחלימים,,,,,,,,,,,,,,,,,,,,,,,,,0,,0,0,0,0,1,,4981,
511,בית ג'ן,מספר מחלימים,,,,,,,,,,,,,,,,,,,,,,,,,0,,0,0,0,0,0,,11757,
512,בית דגן,מספר מחלימים,,,,,,,,,,,,,,,,,,,,,,,,,0,,2,3,3,3,3,,14500,
513,בית שאן,מספר מחלימים,,,,,,,,,,,,,,,,,,,,,,,,,0,,0,0,0,0,0,,19058,
514,בית שמש,מספר מחלימים,,,,,,,,,,,,,,,,,,,,,,,12,,19,,30,30,33,38,43,,218401,
515,ביתר עילית,מספר מחלימים,,,,,,,,,,,,,,,,,,,,,,,6,,12,,18,20,20,23,28,,96608,
516,בני ברק,מספר מחלימים,,,,,,,,,,,,,,,,,,,,,,,73,,154,,231,269,337,417,467,,199230,
517,"בני עי""ש",מספר מחלימים,,,,,,,,,,,,,,,,,,,,,,,2,,2,,3,3,3,3,3,,7723,
518,בני שמעון,מספר מחלימים,,,,,,,,,,,,,,,,,,,,,,,,,,,,,,,,,,
519,בנימינה-גבעת עדה,מספר מחלימים,,,,,,,,,,,,,,,,,,,,,,,,,0,,0,1,1,1,1,,5984,
520,"בסמ""ה",מספר מחלימים,,,,,,,,,,,,,,,,,,,,,,,,,0,,0,1,1,1,1,,5579,
521,בסמת טבעון,מספר מחלימים,,,,,,,,,,,,,,,,,,,,,,,,,1,,1,1,1,2,2,,5342,
522,בענה,מספר מחלימים,,,,,,,,,,,,,,,,,,,,,,,,,1,,1,1,1,1,1,,10532,
523,ברנר,מספר מחלימים,,,,,,,,,,,,,,,,,,,,,,,,,,,,,,,,,,
524,בת חפר,מספר מחלימים,,,,,,,,,,,,,,,,,,,,,,,1,,1,,1,1,1,1,1,,20524,
525,בת ים,מספר מחלימים,,,,,,,,,,,,,,,,,,,,,,,27,,36,,48,55,60,62,67,,285023,
526,ג'דיידה-מכר,מספר מחלימים,,,,,,,,,,,,,,,,,,,,,,,,,0,,0,0,0,0,0,,6724,
527,ג'ולס,מספר מחלימים,,,,,,,,,,,,,,,,,,,,,,,,,0,,1,1,1,1,1,,43811,
528,ג'לג'וליה,מספר מחלימים,,,,,,,,,,,,,,,,,,,,,,,,,0,,0,0,0,0,0,,6147,
529,ג'סר א-זרקא,מספר מחלימים,,,,,,,,,,,,,,,,,,,,,,,2,,2,,3,3,3,4,5,,22622,
530,ג'ת,מספר מחלימים,,,,,,,,,,,,,,,,,,,,,,,,,1,,1,1,1,2,3,,10403,
531,גבע בנימין,מספר מחלימים,,,,,,,,,,,,,,,,,,,,,,,,,0,,0,0,0,1,1,,41559,
532,גבעת זאב,מספר מחלימים,,,,,,,,,,,,,,,,,,,,,,,1,,3,,4,4,5,6,6,,19584,
533,גבעת שמואל,מספר מחלימים,,,,,,,,,,,,,,,,,,,,,,,6,,11,,12,12,13,14,14,,27563,
534,גבעתיים,מספר מחלימים,,,,,,,,,,,,,,,,,,,,,,,7,,10,,14,15,17,17,19,,28093,
535,גדרה,מספר מחלימים,,,,,,,,,,,,,,,,,,,,,,,9,,11,,11,13,13,14,14,,24068,
536,גולן,מספר מחלימים,,,,,,,,,,,,,,,,,,,,,,,,,,,,,,,,,,
537,גוש עציון,מספר מחלימים,,,,,,,,,,,,,,,,,,,,,,,,,,,,,,,,,,
538,גזר,מספר מחלימים,,,,,,,,,,,,,,,,,,,,,,,,,,,,,,,,,,
539,גן יבנה,מספר מחלימים,,,,,,,,,,,,,,,,,,,,,,,7,,11,,13,14,15,19,19,,40136,
540,גן רווה,מספר מחלימים,,,,,,,,,,,,,,,,,,,,,,,,,,,,,,,,,,
541,גני תקווה,מספר מחלימים,,,,,,,,,,,,,,,,,,,,,,,5,,7,,10,12,14,14,14,,19682,
542,דאלית אל-כרמל,מספר מחלימים,,,,,,,,,,,,,,,,,,,,,,,,,0,,0,,0,0,0,,16993,
543,דבוריה,מספר מחלימים,,,,,,,,,,,,,,,,,,,,,,,,,1,,1,3,4,4,4,,51934,
544,דייר אל-אסד,מספר מחלימים,,,,,,,,,,,,,,,,,,,,,,,1,,1,,1,1,1,1,2,,26184,
545,דייר חנא,מספר מחלימים,,,,,,,,,,,,,,,,,,,,,,,,,1,,1,3,3,4,4,,10999,
546,דימונה,מספר מחלימים,,,,,,,,,,,,,,,,,,,,,,,9,,13,,12,13,14,15,15,,26880,
547,דרום השרון,מספר מחלימים,,,,,,,,,,,,,,,,,,,,,,,,,,,,,,,,,,
548,הגלבוע,מספר מחלימים,,,,,,,,,,,,,,,,,,,,,,,,,,,,,,,,,,
549,הגליל העליון,מספר מחלימים,,,,,,,,,,,,,,,,,,,,,,,,,,,,,,,,,,
550,הגליל התחתון,מספר מחלימים,,,,,,,,,,,,,,,,,,,,,,,,,,,,,,,,,,
551,הוד השרון,מספר מחלימים,,,,,,,,,,,,,,,,,,,,,,,6,,11,,13,14,14,17,17,,99870,
552,הר חברון,מספר מחלימים,,,,,,,,,,,,,,,,,,,,,,,,,,,,,,,,,,
553,הרצליה,מספר מחלימים,,,,,,,,,,,,,,,,,,,,,,,23,,29,,36,37,40,43,48,,87108,
554,זבולון,מספר מחלימים,,,,,,,,,,,,,,,,,,,,,,,,,,,,,,,,,,
555,זכרון יעקב,מספר מחלימים,,,,,,,,,,,,,,,,,,,,,,,5,,7,,9,11,12,12,12,,59196,
556,זמר,מספר מחלימים,,,,,,,,,,,,,,,,,,,,,,,,,0,,1,1,1,1,1,,22449,
557,זרזיר,מספר מחלימים,,,,,,,,,,,,,,,,,,,,,,,,,0,,0,0,0,0,0,,8385,
558,חבל יבנה,מספר מחלימים,,,,,,,,,,,,,,,,,,,,,,,,,,,,,,,,,,
559,חבל מודיעין,מספר מחלימים,,,,,,,,,,,,,,,,,,,,,,,,,,,,,,,,,,
560,חדרה,מספר מחלימים,,,,,,,,,,,,,,,,,,,,,,,7,,13,,14,15,16,16,19,,59006,
561,חולון,מספר מחלימים,,,,,,,,,,,,,,,,,,,,,,,18,,29,,41,49,55,65,65,,25792,
562,חוף אשקלון,מספר מחלימים,,,,,,,,,,,,,,,,,,,,,,,,,,,,,,,,,,
563,חוף הכרמל,מספר מחלימים,,,,,,,,,,,,,,,,,,,,,,,,,,,,,,,,,,
564,חוף השרון,מספר מחלימים,,,,,,,,,,,,,,,,,,,,,,,,,,,,,,,,,,
565,חורה,מספר מחלימים,,,,,,,,,,,,,,,,,,,,,,,,,0,,0,0,0,0,0,,16983,
566,חורפיש,מספר מחלימים,,,,,,,,,,,,,,,,,,,,,,,,,0,,0,1,1,1,1,,8446,
567,חיפה,מספר מחלימים,,,,,,,,,,,,,,,,,,,,,,,21,,26,,32,39,46,47,49,,47866,
568,חצור הגלילית,מספר מחלימים,,,,,,,,,,,,,,,,,,,,,,,,,0,,1,1,1,1,2,,9722,
569,חריש,מספר מחלימים,,,,,,,,,,,,,,,,,,,,,,,1,,1,,1,1,1,1,1,,25369,
570,טבריה,מספר מחלימים,,,,,,,,,,,,,,,,,,,,,,,14,,22,,28,34,39,42,46,,143579,
571,טובא-זנגריה,מספר מחלימים,,,,,,,,,,,,,,,,,,,,,,,,,0,,,0,0,0,0,,14383,
572,טורעאן,מספר מחלימים,,,,,,,,,,,,,,,,,,,,,,,,,0,,0,0,0,0,0,,14398,
573,טייבה,מספר מחלימים,,,,,,,,,,,,,,,,,,,,,,,,,1,,1,2,3,3,3,,22609,
574,טירה,מספר מחלימים,,,,,,,,,,,,,,,,,,,,,,,,,0,,0,0,1,1,1,,9975,
575,טירת כרמל,מספר מחלימים,,,,,,,,,,,,,,,,,,,,,,,2,,2,,5,5,8,8,8,,29123,
576,טמרה,מספר מחלימים,,,,,,,,,,,,,,,,,,,,,,,4,,7,,7,8,8,8,8,,7797,
577,יאנוח-ג'ת,מספר מחלימים,,,,,,,,,,,,,,,,,,,,,,,,,0,,0,0,0,0,0,,6514,
578,יבנה,מספר מחלימים,,,,,,,,,,,,,,,,,,,,,,,9,,12,,14,14,14,15,15,,23075,
579,יהוד,מספר מחלימים,,,,,,,,,,,,,,,,,,,,,,,15,,24,,27,29,32,32,37,,79760,
580,יואב,מספר מחלימים,,,,,,,,,,,,,,,,,,,,,,,,,,,,,,,,,,
581,יפיע,מספר מחלימים,,,,,,,,,,,,,,,,,,,,,,,2,,2,,2,3,3,3,3,,9483,
582,יקנעם עילית,מספר מחלימים,,,,,,,,,,,,,,,,,,,,,,,2,,5,,8,9,9,9,10,,49607,
583,ירוחם,מספר מחלימים,,,,,,,,,,,,,,,,,,,,,,,,,0,,0,0,0,0,0,,8355,
584,ירושלים,מספר מחלימים,,,,,,,,,,,,,,,,,,,,,,,106,,177,,242,284,320,358,405,,925890,
585,ירכא,מספר מחלימים,,,,,,,,,,,,,,,,,,,,,,,,,0,,0,0,0,0,0,,15418,
586,כאבול,מספר מחלימים,,,,,,,,,,,,,,,,,,,,,,,,,0,,0,0,0,0,0,,12102,
587,כוכב יאיר,מספר מחלימים,,,,,,,,,,,,,,,,,,,,,,,3,,3,,3,3,3,5,5,,21079,
588,כוכב יעקב,מספר מחלימים,,,,,,,,,,,,,,,,,,,,,,,4,,4,,5,5,8,8,8,,62768,
589,כסיפה,מספר מחלימים,,,,,,,,,,,,,,,,,,,,,,,,,1,,1,2,2,5,5,,9590,
590,כסרא-סמיע,מספר מחלימים,,,,,,,,,,,,,,,,,,,,,,,,,0,,0,0,0,0,0,,8550,
591,כעביה-טבאש-חג'אג'רה,מספר מחלימים,,,,,,,,,,,,,,,,,,,,,,,,,0,,0,0,0,0,0,,5780,
592,כפר ורדים,מספר מחלימים,,,,,,,,,,,,,,,,,,,,,,,1,,1,,1,1,1,3,3,,55324,
593,"כפר חב""ד",מספר מחלימים,,,,,,,,,,,,,,,,,,,,,,,18,,26,,29,28,28,29,29,,25181,
594,כפר יאסיף,מספר מחלימים,,,,,,,,,,,,,,,,,,,,,,,1,,1,,2,2,2,2,2,,10011,
595,כפר יונה,מספר מחלימים,,,,,,,,,,,,,,,,,,,,,,,2,,4,,4,4,4,4,5,,26451,
596,כפר כנא,מספר מחלימים,,,,,,,,,,,,,,,,,,,,,,,,,0,,0,0,0,0,0,,20831,
597,כפר מנדא,מספר מחלימים,,,,,,,,,,,,,,,,,,,,,,,,,0,,0,0,0,0,0,,20003,
598,כפר סבא,מספר מחלימים,,,,,,,,,,,,,,,,,,,,,,,12,,20,,29,32,33,34,35,,100921,
599,כפר קאסם,מספר מחלימים,,,,,,,,,,,,,,,,,,,,,,,,,1,,1,1,1,1,1,,9974,
600,כפר קרע,מספר מחלימים,,,,,,,,,,,,,,,,,,,,,,,,,0,,1,1,1,1,1,,22261,
601,כרמיאל,מספר מחלימים,,,,,,,,,,,,,,,,,,,,,,,4,,9,,12,13,13,14,14,,33851,
602,לב השרון,מספר מחלימים,,,,,,,,,,,,,,,,,,,,,,,,,,,,,,,,,,
603,להבים,מספר מחלימים,,,,,,,,,,,,,,,,,,,,,,,1,,4,,4,4,4,4,4,,8553,
604,לוד,מספר מחלימים,,,,,,,,,,,,,,,,,,,,,,,12,,20,,21,23,24,25,28,,40328,
605,לכיש,מספר מחלימים,,,,,,,,,,,,,,,,,,,,,,,,,,,,,,,,,,
606,לקיה,מספר מחלימים,,,,,,,,,,,,,,,,,,,,,,,,,0,,0,0,0,0,0,,14695,
607,מבואות החרמון,מספר מחלימים,,,,,,,,,,,,,,,,,,,,,,,,,,,,,,,,,,
608,מבשרת ציון,מספר מחלימים,,,,,,,,,,,,,,,,,,,,,,,3,,4,,5,6,7,7,8,,50538,
609,מג'ד אל-כרום,מספר מחלימים,,,,,,,,,,,,,,,,,,,,,,,,,0,,0,0,0,0,0,,15275,
610,מג'דל שמס,מספר מחלימים,,,,,,,,,,,,,,,,,,,,,,,1,,1,,1,1,1,1,1,,12435,
611,מגאר,מספר מחלימים,,,,,,,,,,,,,,,,,,,,,,,1,,2,,2,2,3,3,4,,5525,
612,מגדל העמק,מספר מחלימים,,,,,,,,,,,,,,,,,,,,,,,23,,33,,40,45,46,51,53,,29104,
613,מגידו,מספר מחלימים,,,,,,,,,,,,,,,,,,,,,,,,,,,,,,,,,,
614,מודיעין עילית,מספר מחלימים,,,,,,,,,,,,,,,,,,,,,,,4,,10,,17,17,25,34,42,,76233,
615,מודיעין-מכבים-רעות,מספר מחלימים,,,,,,,,,,,,,,,,,,,,,,,44,,48,,55,55,57,60,66,,195229,
616,מזכרת בתיה,מספר מחלימים,,,,,,,,,,,,,,,,,,,,,,,1,,4,,5,6,7,9,9,,77867,
617,מטה אשר,מספר מחלימים,,,,,,,,,,,,,,,,,,,,,,,,,,,,,,,,,,
618,מטה בנימין,מספר מחלימים,,,,,,,,,,,,,,,,,,,,,,,,,,,,,,,,,,
619,מטה יהודה,מספר מחלימים,,,,,,,,,,,,,,,,,,,,,,,,,,,,,,,,,,
620,מיתר,מספר מחלימים,,,,,,,,,,,,,,,,,,,,,,,,,0,,0,0,0,0,0,,6367,
621,מנשה,מספר מחלימים,,,,,,,,,,,,,,,,,,,,,,,,,,,0,,,,,,,
622,מסעודין אל-עזאזמה,מספר מחלימים,,,,,,,,,,,,,,,,,,,,,,,,,0,,0,0,0,0,0,,6926,
623,מעלה אדומים,מספר מחלימים,,,,,,,,,,,,,,,,,,,,,,,5,,8,,10,11,11,11,13,,35717,
624,מעלה יוסף,מספר מחלימים,,,,,,,,,,,,,,,,,,,,,,,,,,,,,,,,,,
625,מעלה עירון,מספר מחלימים,,,,,,,,,,,,,,,,,,,,,,,,,0,,0,0,1,2,2,,8807,
626,מעלות- תרשיחא,מספר מחלימים,,,,,,,,,,,,,,,,,,,,,,,3,,4,,5,7,7,8,8,,10345,
627,מצפה רמון,מספר מחלימים,,,,,,,,,,,,,,,,,,,,,,,,,2,,9,11,11,13,13,,23517,
628,מרום הגליל,מספר מחלימים,,,,,,,,,,,,,,,,,,,,,,,,,,,,,,,,,,
629,מרחבים,מספר מחלימים,,,,,,,,,,,,,,,,,,,,,,,,,,,,,,,,,,
630,משגב,מספר מחלימים,,,,,,,,,,,,,,,,,,,,,,,,,,,,,,,,,,
631,משהד,מספר מחלימים,,,,,,,,,,,,,,,,,,,,,,,,,0,,0,0,0,0,0,,8649,
632,נהריה,מספר מחלימים,,,,,,,,,,,,,,,,,,,,,,,8,,12,,12,15,15,15,15,,23751,
633,נווה מדבר,מספר מחלימים,,,,,,,,,,,,,,,,,,,,,,,,,,,,,,,,,,
634,נוף הגליל,מספר מחלימים,,,,,,,,,,,,,,,,,,,,,,,2,,3,,4,5,5,11,11,,30267,
635,נחל שורק,מספר מחלימים,,,,,,,,,,,,,,,,,,,,,,,,,,,,,,,,,,
636,נחף,מספר מחלימים,,,,,,,,,,,,,,,,,,,,,,,1,,1,,1,1,1,1,1,,6648,
637,נס ציונה,מספר מחלימים,,,,,,,,,,,,,,,,,,,,,,,1,,4,,4,4,4,5,5,,7381,
638,נצרת,מספר מחלימים,,,,,,,,,,,,,,,,,,,,,,,1,,1,,3,3,4,6,5,,20456,
639,נשר,מספר מחלימים,,,,,,,,,,,,,,,,,,,,,,,2,,2,,2,2,2,3,3,,14833,
640,נתיבות,מספר מחלימים,,,,,,,,,,,,,,,,,,,,,,,2,,6,,9,10,10,11,12,,38194,
641,נתניה,מספר מחלימים,,,,,,,,,,,,,,,,,,,,,,,24,,34,,49,55,55,58,61,,213817,
642,סח'נין,מספר מחלימים,,,,,,,,,,,,,,,,,,,,,,,3,,3,,3,3,3,3,3,,7903,
643,עומר,מספר מחלימים,,,,,,,,,,,,,,,,,,,,,,,3,,3,,5,5,5,5,5,,46166,
644,עיילבון,מספר מחלימים,,,,,,,,,,,,,,,,,,,,,,,1,,1,,1,2,2,2,2,,10577,
645,עילוט,מספר מחלימים,,,,,,,,,,,,,,,,,,,,,,,,,0,,0,0,0,0,0,,8241,
646,עין מאהל,מספר מחלימים,,,,,,,,,,,,,,,,,,,,,,,,,0,,0,0,0,1,1,,13388,
647,עכו,מספר מחלימים,,,,,,,,,,,,,,,,,,,,,,,4,,4,,4,4,4,4,5,,7586,
648,עמק הירדן,מספר מחלימים,,,,,,,,,,,,,,,,,,,,,,,,,,,,,,,,,,
649,עמק המעיינות,מספר מחלימים,,,,,,,,,,,,,,,,,,,,,,,,,,,,,,,,,,
650,עמק חפר,מספר מחלימים,,,,,,,,,,,,,,,,,,,,,,,,,,,,,,,,,,
651,עמק יזרעאל,מספר מחלימים,,,,,,,,,,,,,,,,,,,,,,,,,,,,,,,,,,
652,עמק לוד,מספר מחלימים,,,,,,,,,,,,,,,,,,,,,,,,,,,,,,,,,,
653,עספיא,מספר מחלימים,,,,,,,,,,,,,,,,,,,,,,,,,0,,1,1,1,1,1,,11089,
654,עפולה,מספר מחלימים,,,,,,,,,,,,,,,,,,,,,,,11,,14,,17,19,20,22,25,,53883,
655,עראבה,מספר מחלימים,,,,,,,,,,,,,,,,,,,,,,,,,0,,0,0,0,0,0,,16644,
656,ערבות הירדן,מספר מחלימים,,,,,,,,,,,,,,,,,,,,,,,,,,,,,,,,,,
657,ערד,מספר מחלימים,,,,,,,,,,,,,,,,,,,,,,,3,,3,,4,4,4,4,4,,8772,
658,ערערה,מספר מחלימים,,,,,,,,,,,,,,,,,,,,,,,,,0,,0,1,1,1,1,,19667,
659,ערערה-בנגב,מספר מחלימים,,,,,,,,,,,,,,,,,,,,,,,,,0,,0,0,0,0,0,,17465,
660,עתלית,מספר מחלימים,,,,,,,,,,,,,,,,,,,,,,,1,,1,,1,1,2,2,2,,40622,
661,פוריידיס,מספר מחלימים,,,,,,,,,,,,,,,,,,,,,,,,,0,,0,0,0,1,1,,13133,
662,פקיעין (בוקייעה),מספר מחלימים,,,,,,,,,,,,,,,,,,,,,,,,,0,,0,0,0,0,0,,5851,
663,פרדס חנה-כרכור,מספר מחלימים,,,,,,,,,,,,,,,,,,,,,,,2,,3,,4,4,4,4,5,,6350,
664,פרדסיה,מספר מחלימים,,,,,,,,,,,,,,,,,,,,,,,1,,1,,1,1,1,1,1,,13167,
665,פתח תקווה,מספר מחלימים,,,,,,,,,,,,,,,,,,,,,,,29,,43,,62,79,89,93,100,,252869,
666,צור הדסה,מספר מחלימים,,,,,,,,,,,,,,,,,,,,,,,3,,3,,4,4,3,3,4,,7856,
667,צור יצחק,מספר מחלימים,,,,,,,,,,,,,,,,,,,,,,,,,0,,0,0,0,1,1,,7543,
668,צפת,מספר מחלימים,,,,,,,,,,,,,,,,,,,,,,,7,,12,,17,20,20,22,27,,46146,
669,קדימה-צורן,מספר מחלימים,,,,,,,,,,,,,,,,,,,,,,,2,,3,,3,3,3,6,6,,40493,
670,קיסריה,מספר מחלימים,,,,,,,,,,,,,,,,,,,,,,,,,0,,0,0,0,0,0,,5272,
671,קלנסווה,מספר מחלימים,,,,,,,,,,,,,,,,,,,,,,,1,,1,,1,1,1,1,1,,5677,
672,קצרין,מספר מחלימים,,,,,,,,,,,,,,,,,,,,,,,1,,2,,3,3,3,3,4,,69033,
673,קרית אונו,מספר מחלימים,,,,,,,,,,,,,,,,,,,,,,,15,,16,,22,24,25,26,26,,5565,
674,קרית ארבע,מספר מחלימים,,,,,,,,,,,,,,,,,,,,,,,5,,5,,5,5,5,5,5,,31056,
675,קרית אתא,מספר מחלימים,,,,,,,,,,,,,,,,,,,,,,,5,,6,,8,9,9,10,10,,24270,
676,קרית ביאליק,מספר מחלימים,,,,,,,,,,,,,,,,,,,,,,,2,,2,,5,5,5,6,6,,11148,
677,קרית גת,מספר מחלימים,,,,,,,,,,,,,,,,,,,,,,,6,,9,,13,14,15,16,16,,13700,
678,קרית טבעון,מספר מחלימים,,,,,,,,,,,,,,,,,,,,,,,,,1,,1,2,3,3,3,,9866,
679,קרית ים,מספר מחלימים,,,,,,,,,,,,,,,,,,,,,,,4,,6,,7,8,8,9,10,,12862,
680,קרית יערים,מספר מחלימים,,,,,,,,,,,,,,,,,,,,,,,21,,21,,24,24,24,24,24,,75832,
681,קרית מוצקין,מספר מחלימים,,,,,,,,,,,,,,,,,,,,,,,3,,4,,4,4,5,5,5,,6350,
682,קרית מלאכי,מספר מחלימים,,,,,,,,,,,,,,,,,,,,,,,19,,20,,28,30,30,29,30,,61019,
683,קרית עקרון,מספר מחלימים,,,,,,,,,,,,,,,,,,,,,,,2,,3,,3,3,3,6,7,,43128,
684,קרית שמונה,מספר מחלימים,,,,,,,,,,,,,,,,,,,,,,,2,,3,,4,5,5,4,5,,24761,
685,קרני שומרון,מספר מחלימים,,,,,,,,,,,,,,,,,,,,,,,,,1,,2,4,4,4,4,,20425,
686,ראמה,מספר מחלימים,,,,,,,,,,,,,,,,,,,,,,,,,0,,0,0,0,0,0,,8243,
687,ראש העין,מספר מחלימים,,,,,,,,,,,,,,,,,,,,,,,3,,4,,5,7,8,9,10,,8194,
688,ראשון לציון,מספר מחלימים,,,,,,,,,,,,,,,,,,,,,,,28,,58,,78,95,102,102,113,,246025,
689,רהט,מספר מחלימים,,,,,,,,,,,,,,,,,,,,,,,1,,3,,3,4,4,4,4,,13113,
690,רחובות,מספר מחלימים,,,,,,,,,,,,,,,,,,,,,,,29,,34,,43,43,43,46,49,,73632,
691,ריינה,מספר מחלימים,,,,,,,,,,,,,,,,,,,,,,,,,0,,0,0,0,0,0,,16614,
692,רכסים,מספר מחלימים,,,,,,,,,,,,,,,,,,,,,,,1,,2,,3,6,5,9,10,,47982,
693,רמלה,מספר מחלימים,,,,,,,,,,,,,,,,,,,,,,,8,,11,,13,16,18,20,22,,46884,
694,רמת גן,מספר מחלימים,,,,,,,,,,,,,,,,,,,,,,,24,,30,,43,47,51,54,60,,123113,
695,רמת השרון,מספר מחלימים,,,,,,,,,,,,,,,,,,,,,,,14,,19,,21,22,22,23,26,,60210,
696,רמת ישי,מספר מחלימים,,,,,,,,,,,,,,,,,,,,,,,1,,1,,1,2,2,2,2,,29035,
697,רמת נגב,מספר מחלימים,,,,,,,,,,,,,,,,,,,,,,,,,,,,,,,,,,
698,רעננה,מספר מחלימים,,,,,,,,,,,,,,,,,,,,,,,22,,28,,39,46,49,51,51,,36913,
699,שבלי - אום אל-גנם,מספר מחלימים,,,,,,,,,,,,,,,,,,,,,,,,,0,,,,0,1,2,,12110,
700,שגב-שלום,מספר מחלימים,,,,,,,,,,,,,,,,,,,,,,,,,0,,0,0,0,0,0,,10310,
701,שדות נגב,מספר מחלימים,,,,,,,,,,,,,,,,,,,,,,,,,,,,,,,,,,
702,שדרות,מספר מחלימים,,,,,,,,,,,,,,,,,,,,,,,3,,4,,11,11,12,14,16,,38581,
703,שוהם,מספר מחלימים,,,,,,,,,,,,,,,,,,,,,,,8,,13,,15,18,20,21,24,,20990,
704,שומרון,מספר מחלימים,,,,,,,,,,,,,,,,,,,,,,,,,,,,,,,,,,
705,שלומי,מספר מחלימים,,,,,,,,,,,,,,,,,,,,,,,,,0,,3,3,3,3,3,,11799,
706,שעב,מספר מחלימים,,,,,,,,,,,,,,,,,,,,,,,,,0,,0,0,0,0,0,,7191,
707,שער הנגב,מספר מחלימים,,,,,,,,,,,,,,,,,,,,,,,,,,,,,,,,,,
708,שערי תקווה,מספר מחלימים,,,,,,,,,,,,,,,,,,,,,,,,,0,,0,0,0,0,0,,5584,
709,שפיר,מספר מחלימים,,,,,,,,,,,,,,,,,,,,,,,,,,,,,,,,,,
710,שפרעם,מספר מחלימים,,,,,,,,,,,,,,,,,,,,,,,1,,1,,2,2,3,3,3,,6837,
711,תל אביב - יפו,מספר מחלימים,,,,,,,,,,,,,,,,,,,,,,,109,,147,,182,209,215,227,237,,450192,
712,תל מונד,מספר מחלימים,,,,,,,,,,,,,,,,,,,,,,,5,,8,,9,9,9,9,9,,46306,
713,תל שבע,מספר מחלימים,,,,,,,,,,,,,,,,,,,,,,,,,0,,0,0,0,0,0,,12141,
714,אבו גוש,מספר נבדקים,,,,,,,,,,,,,,,,,,,,,,,58,,67,,81,95,108,117,124,,14732,
715,אבו סנאן,מספר נבדקים,,,,,,,,,,,,,,,,,,,,,,,90,,96,,114,126,132,140,149,,13164,
716,אבו קורינאת (שבט),מספר נבדקים,,,,,,,,,,,,,,,,,,,,,,,7,,7,,11,13,13,13,14,,6235,
717,אבו רובייעה (שבט),מספר נבדקים,,,,,,,,,,,,,,,,,,,,,,,27,,28,,28,29,29,29,31,,6586,
718,אבו רוקייק (שבט),מספר נבדקים,,,,,,,,,,,,,,,,,,,,,,,21,,22,,25,26,26,27,28,,9696,
719,אבן יהודה,מספר נבדקים,,,,,,,,,,,,,,,,,,,,,,,291,,307,,323,329,336,344,350,,34536,
720,אום אל-פחם,מספר נבדקים,,,,,,,,,,,,,,,,,,,,,,,972,,1106,,1263,1402,1595,1766,1920,,5220,
721,אופקים,מספר נבדקים,,,,,,,,,,,,,,,,,,,,,,,621,,662,,705,739,750,766,792,,26351,
722,אור יהודה,מספר נבדקים,,,,,,,,,,,,,,,,,,,,,,,1256,,1455,,1529,1575,1609,1634,1667,,11193,
723,אור עקיבא,מספר נבדקים,,,,,,,,,,,,,,,,,,,,,,,208,,224,,242,251,256,282,301,,18905,
724,אורנית,מספר נבדקים,,,,,,,,,,,,,,,,,,,,,,,201,,209,,215,216,218,221,223,,7211,
725,אזור,מספר נבדקים,,,,,,,,,,,,,,,,,,,,,,,354,,376,,387,395,401,403,411,,13139,
726,אילת,מספר נבדקים,,,,,,,,,,,,,,,,,,,,,,,891,,955,,1014,1037,1050,1075,1096,,23962,
727,אכסאל,מספר נבדקים,,,,,,,,,,,,,,,,,,,,,,,192,,209,,239,249,254,274,286,,9071,
728,אל קסום,מספר נבדקים,,,,,,,,,,,,,,,,,,,,,,,,,,,,,,,,,,
729,אל-בטוף,מספר נבדקים,,,,,,,,,,,,,,,,,,,,,,,,,,,,,,,,,,
730,אלעד,מספר נבדקים,,,,,,,,,,,,,,,,,,,,,,,1785,,2009,,2068,2147,2192,2215,2283,,226175,
731,אלפי מנשה,מספר נבדקים,,,,,,,,,,,,,,,,,,,,,,,143,,149,,167,171,173,175,178,,18675,
732,אעבלין,מספר נבדקים,,,,,,,,,,,,,,,,,,,,,,,87,,98,,111,115,124,132,138,,13062,
733,אעצם (שבט),מספר נבדקים,,,,,,,,,,,,,,,,,,,,,,,17,,17,,17,22,23,25,25,,10149,
734,אפרת,מספר נבדקים,,,,,,,,,,,,,,,,,,,,,,,632,,649,,659,668,669,673,681,,57267,
735,אריאל,מספר נבדקים,,,,,,,,,,,,,,,,,,,,,,,427,,446,,475,489,496,501,516,,7835,
736,אשדוד,מספר נבדקים,,,,,,,,,,,,,,,,,,,,,,,4151,,4436,,4636,4774,4971,5029,5216,,160192,
737,אשכול,מספר נבדקים,,,,,,,,,,,,,,,,,,,,,,,,,,,,,,,,,,
738,אשקלון,מספר נבדקים,,,,,,,,,,,,,,,,,,,,,,,3440,,3652,,3960,4057,4150,4198,4302,,143795,
739,באקה אל-גרביה,מספר נבדקים,,,,,,,,,,,,,,,,,,,,,,,662,,789,,848,907,920,965,1004,,18121,
740,באר טוביה,מספר נבדקים,,,,,,,,,,,,,,,,,,,,,,,,,,,,,,,,,,
741,באר יעקב,מספר נבדקים,,,,,,,,,,,,,,,,,,,,,,,571,,605,,636,651,665,672,689,,60733,
742,באר שבע,מספר נבדקים,,,,,,,,,,,,,,,,,,,,,,,4392,,4585,,5133,5564,5659,5696,5779,,130789,
743,בוסתן-אל-מרג',מספר נבדקים,,,,,,,,,,,,,,,,,,,,,,,,,,,,,,,,,,
744,בועיינה- נוג׳ידאת,מספר נבדקים,,,,,,,,,,,,,,,,,,,,,,,123,,,,,,,,170,,19850,
745,בוקעאתא,מספר נבדקים,,,,,,,,,,,,,,,,,,,,,,,56,,59,,68,68,69,70,80,,6315,
746,ביר אל-מכסור,מספר נבדקים,,,,,,,,,,,,,,,,,,,,,,,69,,73,,77,81,96,107,137,,14972,
747,בית אל,מספר נבדקים,,,,,,,,,,,,,,,,,,,,,,,99,,114,,121,124,124,126,132,,6042,
748,בית אריה,מספר נבדקים,,,,,,,,,,,,,,,,,,,,,,,,,141,,144,149,150,152,154,,4981,
749,בית ג'ן,מספר נבדקים,,,,,,,,,,,,,,,,,,,,,,,72,,86,,97,104,106,109,110,,11757,
750,בית דגן,מספר נבדקים,,,,,,,,,,,,,,,,,,,,,,,126,,129,,138,145,147,152,153,,14500,
751,בית שאן,מספר נבדקים,,,,,,,,,,,,,,,,,,,,,,,193,,199,,212,221,225,233,241,,19058,
752,בית שמש,מספר נבדקים,,,,,,,,,,,,,,,,,,,,,,,1921,,2188,,2341,2461,2525,2565,2691,,218401,
753,ביתר עילית,מספר נבדקים,,,,,,,,,,,,,,,,,,,,,,,917,,1186,,1287,1430,1449,1470,1526,,96608,
754,בני ברק,מספר נבדקים,,,,,,,,,,,,,,,,,,,,,,,8531,,9517,,9934,10395,10719,10964,11503,,199230,
755,"בני עי""ש",מספר נבדקים,,,,,,,,,,,,,,,,,,,,,,,134,,143,,159,165,407,422,438,,7723,
756,בני שמעון,מספר נבדקים,,,,,,,,,,,,,,,,,,,,,,,,,,,,,,,,,,
757,בנימינה-גבעת עדה,מספר נבדקים,,,,,,,,,,,,,,,,,,,,,,,197,,206,,212,215,215,224,246,,5984,
758,"בסמ""ה",מספר נבדקים,,,,,,,,,,,,,,,,,,,,,,,175,,221,,236,247,270,284,307,,5579,
759,בסמת טבעון,מספר נבדקים,,,,,,,,,,,,,,,,,,,,,,,65,,68,,69,71,75,83,129,,5342,
760,בענה,מספר נבדקים,,,,,,,,,,,,,,,,,,,,,,,76,,160,,315,446,724,772,874,,10532,
761,ברנר,מספר נבדקים,,,,,,,,,,,,,,,,,,,,,,,,,,,,,,,,,,
762,בת חפר,מספר נבדקים,,,,,,,,,,,,,,,,,,,,,,,142,,157,,167,173,173,177,178,,20524,
763,בת ים,מספר נבדקים,,,,,,,,,,,,,,,,,,,,,,,2426,,2700,,2865,2961,3049,3094,3302,,285023,
764,ג'דיידה-מכר,מספר נבדקים,,,,,,,,,,,,,,,,,,,,,,,187,,201,,220,235,247,265,276,,6724,
765,ג'ולס,מספר נבדקים,,,,,,,,,,,,,,,,,,,,,,,68,,69,,72,74,74,78,78,,43811,
766,ג'לג'וליה,מספר נבדקים,,,,,,,,,,,,,,,,,,,,,,,174,,220,,244,258,266,274,291,,6147,
767,ג'סר א-זרקא,מספר נבדקים,,,,,,,,,,,,,,,,,,,,,,,692,,1035,,1127,1163,1184,1260,1296,,22622,
768,ג'ת,מספר נבדקים,,,,,,,,,,,,,,,,,,,,,,,546,,626,,664,700,706,723,737,,10403,
769,גבע בנימין,מספר נבדקים,,,,,,,,,,,,,,,,,,,,,,,93,,108,,117,129,130,132,137,,41559,
770,גבעת זאב,מספר נבדקים,,,,,,,,,,,,,,,,,,,,,,,441,,498,,520,541,558,567,588,,19584,
771,גבעת שמואל,מספר נבדקים,,,,,,,,,,,,,,,,,,,,,,,630,,666,,686,702,712,719,734,,27563,
772,גבעתיים,מספר נבדקים,,,,,,,,,,,,,,,,,,,,,,,1234,,1368,,1417,1643,1662,1675,1696,,28093,
773,גדרה,מספר נבדקים,,,,,,,,,,,,,,,,,,,,,,,515,,541,,559,572,616,625,655,,24068,
774,גולן,מספר נבדקים,,,,,,,,,,,,,,,,,,,,,,,,,,,,,,,,,,
775,גוש עציון,מספר נבדקים,,,,,,,,,,,,,,,,,,,,,,,,,,,,,,,,,,
776,גזר,מספר נבדקים,,,,,,,,,,,,,,,,,,,,,,,,,,,,,,,,,,
777,גן יבנה,מספר נבדקים,,,,,,,,,,,,,,,,,,,,,,,548,,571,,594,597,614,619,630,,40136,
778,גן רווה,מספר נבדקים,,,,,,,,,,,,,,,,,,,,,,,,,,,,,,,,,,
779,גני תקווה,מספר נבדקים,,,,,,,,,,,,,,,,,,,,,,,582,,616,,631,638,645,655,673,,19682,
780,דאלית אל-כרמל,מספר נבדקים,,,,,,,,,,,,,,,,,,,,,,,164,,175,,180,,211,214,221,,16993,
781,דבוריה,מספר נבדקים,,,,,,,,,,,,,,,,,,,,,,,498,,555,,683,722,740,764,784,,51934,
782,דייר אל-אסד,מספר נבדקים,,,,,,,,,,,,,,,,,,,,,,,226,,324,,1021,1455,1970,2460,2691,,26184,
783,דייר חנא,מספר נבדקים,,,,,,,,,,,,,,,,,,,,,,,185,,225,,320,331,342,348,357,,10999,
784,דימונה,מספר נבדקים,,,,,,,,,,,,,,,,,,,,,,,735,,759,,801,820,829,838,853,,26880,
785,דרום השרון,מספר נבדקים,,,,,,,,,,,,,,,,,,,,,,,,,,,,,,,,,,
786,הגלבוע,מספר נבדקים,,,,,,,,,,,,,,,,,,,,,,,,,,,,,,,,,,
787,הגליל העליון,מספר נבדקים,,,,,,,,,,,,,,,,,,,,,,,,,,,,,,,,,,
788,הגליל התחתון,מספר נבדקים,,,,,,,,,,,,,,,,,,,,,,,,,,,,,,,,,,
789,הוד השרון,מספר נבדקים,,,,,,,,,,,,,,,,,,,,,,,1148,,1203,,1249,1273,1303,1327,1352,,99870,
790,הר חברון,מספר נבדקים,,,,,,,,,,,,,,,,,,,,,,,,,,,,,,,,,,
791,הרצליה,מספר נבדקים,,,,,,,,,,,,,,,,,,,,,,,1977,,2068,,2279,2450,2522,2562,2605,,87108,
792,זבולון,מספר נבדקים,,,,,,,,,,,,,,,,,,,,,,,,,,,,,,,,,,
793,זכרון יעקב,מספר נבדקים,,,,,,,,,,,,,,,,,,,,,,,443,,461,,469,473,479,497,523,,59196,
794,זמר,מספר נבדקים,,,,,,,,,,,,,,,,,,,,,,,139,,168,,184,188,189,197,203,,22449,
795,זרזיר,מספר נבדקים,,,,,,,,,,,,,,,,,,,,,,,48,,52,,55,58,61,64,67,,8385,
796,חבל יבנה,מספר נבדקים,,,,,,,,,,,,,,,,,,,,,,,,,,,,,,,,,,
797,חבל מודיעין,מספר נבדקים,,,,,,,,,,,,,,,,,,,,,,,,,,,,,,,,,,
798,חדרה,מספר נבדקים,,,,,,,,,,,,,,,,,,,,,,,1273,,1354,,1434,1480,1514,1658,1778,,59006,
799,חולון,מספר נבדקים,,,,,,,,,,,,,,,,,,,,,,,3793,,4566,,4762,4855,4933,4981,5177,,25792,
800,חוף אשקלון,מספר נבדקים,,,,,,,,,,,,,,,,,,,,,,,,,,,,,,,,,,
801,חוף הכרמל,מספר נבדקים,,,,,,,,,,,,,,,,,,,,,,,,,,,,,,,,,,
802,חוף השרון,מספר נבדקים,,,,,,,,,,,,,,,,,,,,,,,,,,,,,,,,,,
803,חורה,מספר נבדקים,,,,,,,,,,,,,,,,,,,,,,,55,,57,,60,63,65,68,70,,16983,
804,חורפיש,מספר נבדקים,,,,,,,,,,,,,,,,,,,,,,,66,,107,,170,263,265,267,267,,8446,
805,חיפה,מספר נבדקים,,,,,,,,,,,,,,,,,,,,,,,3995,,4274,,4542,4916,5358,5587,5736,,47866,
806,חצור הגלילית,מספר נבדקים,,,,,,,,,,,,,,,,,,,,,,,143,,157,,168,176,181,186,191,,9722,
807,חריש,מספר נבדקים,,,,,,,,,,,,,,,,,,,,,,,224,,236,,243,250,251,259,268,,25369,
808,טבריה,מספר נבדקים,,,,,,,,,,,,,,,,,,,,,,,1470,,1567,,1737,1785,1816,1870,1900,,143579,
809,טובא-זנגריה,מספר נבדקים,,,,,,,,,,,,,,,,,,,,,,,20,,24,,,26,29,59,69,,14383,
810,טורעאן,מספר נבדקים,,,,,,,,,,,,,,,,,,,,,,,82,,90,,111,118,124,129,140,,14398,
811,טייבה,מספר נבדקים,,,,,,,,,,,,,,,,,,,,,,,599,,679,,747,776,830,855,890,,22609,
812,טירה,מספר נבדקים,,,,,,,,,,,,,,,,,,,,,,,507,,570,,602,643,655,662,697,,9975,
813,טירת כרמל,מספר נבדקים,,,,,,,,,,,,,,,,,,,,,,,356,,376,,385,399,405,416,423,,29123,
814,טמרה,מספר נבדקים,,,,,,,,,,,,,,,,,,,,,,,535,,573,,602,627,667,727,753,,7797,
815,יאנוח-ג'ת,מספר נבדקים,,,,,,,,,,,,,,,,,,,,,,,46,,48,,54,63,65,70,72,,6514,
816,יבנה,מספר נבדקים,,,,,,,,,,,,,,,,,,,,,,,1017,,1065,,1109,1125,1158,1173,1195,,23075,
817,יהוד,מספר נבדקים,,,,,,,,,,,,,,,,,,,,,,,922,,969,,1017,1035,1048,1056,1072,,79760,
818,יואב,מספר נבדקים,,,,,,,,,,,,,,,,,,,,,,,,,,,,,,,,,,
819,יפיע,מספר נבדקים,,,,,,,,,,,,,,,,,,,,,,,125,,137,,166,193,255,271,282,,9483,
820,יקנעם עילית,מספר נבדקים,,,,,,,,,,,,,,,,,,,,,,,326,,350,,363,375,381,398,412,,49607,
821,ירוחם,מספר נבדקים,,,,,,,,,,,,,,,,,,,,,,,153,,170,,184,184,186,188,191,,8355,
822,ירושלים,מספר נבדקים,,,,,,,,,,,,,,,,,,,,,,,18312,,20854,,22775,24092,24769,25564,26943,,925890,
823,ירכא,מספר נבדקים,,,,,,,,,,,,,,,,,,,,,,,97,,102,,116,150,159,179,183,,15418,
824,כאבול,מספר נבדקים,,,,,,,,,,,,,,,,,,,,,,,87,,103,,132,153,280,622,643,,12102,
825,כוכב יאיר,מספר נבדקים,,,,,,,,,,,,,,,,,,,,,,,263,,272,,287,290,296,307,310,,21079,
826,כוכב יעקב,מספר נבדקים,,,,,,,,,,,,,,,,,,,,,,,281,,302,,304,310,316,316,334,,62768,
827,כסיפה,מספר נבדקים,,,,,,,,,,,,,,,,,,,,,,,184,,187,,193,199,199,201,207,,9590,
828,כסרא-סמיע,מספר נבדקים,,,,,,,,,,,,,,,,,,,,,,,41,,55,,112,164,165,169,174,,8550,
829,כעביה-טבאש-חג'אג'רה,מספר נבדקים,,,,,,,,,,,,,,,,,,,,,,,28,,29,,30,32,37,43,48,,5780,
830,כפר ורדים,מספר נבדקים,,,,,,,,,,,,,,,,,,,,,,,99,,101,,106,115,115,122,125,,55324,
831,"כפר חב""ד",מספר נבדקים,,,,,,,,,,,,,,,,,,,,,,,213,,223,,227,234,236,239,247,,25181,
832,כפר יאסיף,מספר נבדקים,,,,,,,,,,,,,,,,,,,,,,,117,,126,,148,154,160,165,166,,10011,
833,כפר יונה,מספר נבדקים,,,,,,,,,,,,,,,,,,,,,,,443,,459,,478,501,513,540,548,,26451,
834,כפר כנא,מספר נבדקים,,,,,,,,,,,,,,,,,,,,,,,267,,276,,296,321,333,357,380,,20831,
835,כפר מנדא,מספר נבדקים,,,,,,,,,,,,,,,,,,,,,,,83,,92,,157,160,169,173,179,,20003,
836,כפר סבא,מספר נבדקים,,,,,,,,,,,,,,,,,,,,,,,1734,,1815,,2069,2141,2180,2255,2485,,100921,
837,כפר קאסם,מספר נבדקים,,,,,,,,,,,,,,,,,,,,,,,563,,622,,733,780,805,871,891,,9974,
838,כפר קרע,מספר נבדקים,,,,,,,,,,,,,,,,,,,,,,,350,,393,,430,434,440,455,482,,22261,
839,כרמיאל,מספר נבדקים,,,,,,,,,,,,,,,,,,,,,,,599,,810,,1026,1184,1214,1251,1276,,33851,
840,לב השרון,מספר נבדקים,,,,,,,,,,,,,,,,,,,,,,,,,,,,,,,,,,
841,להבים,מספר נבדקים,,,,,,,,,,,,,,,,,,,,,,,212,,218,,222,227,233,234,236,,8553,
842,לוד,מספר נבדקים,,,,,,,,,,,,,,,,,,,,,,,1224,,1376,,1598,1644,1684,1702,1734,,40328,
843,לכיש,מספר נבדקים,,,,,,,,,,,,,,,,,,,,,,,,,,,,,,,,,,
844,לקיה,מספר נבדקים,,,,,,,,,,,,,,,,,,,,,,,70,,77,,85,92,93,94,98,,14695,
845,מבואות החרמון,מספר נבדקים,,,,,,,,,,,,,,,,,,,,,,,,,,,,,,,,,,
846,מבשרת ציון,מספר נבדקים,,,,,,,,,,,,,,,,,,,,,,,591,,642,,689,711,716,721,739,,50538,
847,מג'ד אל-כרום,מספר נבדקים,,,,,,,,,,,,,,,,,,,,,,,198,,224,,376,460,504,608,775,,15275,
848,מג'דל שמס,מספר נבדקים,,,,,,,,,,,,,,,,,,,,,,,54,,63,,112,114,127,128,142,,12435,
849,מגאר,מספר נבדקים,,,,,,,,,,,,,,,,,,,,,,,254,,280,,325,339,343,352,359,,5525,
850,מגדל העמק,מספר נבדקים,,,,,,,,,,,,,,,,,,,,,,,848,,878,,902,927,957,1005,1026,,29104,
851,מגידו,מספר נבדקים,,,,,,,,,,,,,,,,,,,,,,,,,,,,,,,,,,
852,מודיעין עילית,מספר נבדקים,,,,,,,,,,,,,,,,,,,,,,,1215,,1390,,1500,1584,1639,1681,1767,,76233,
853,מודיעין-מכבים-רעות,מספר נבדקים,,,,,,,,,,,,,,,,,,,,,,,2638,,2768,,2858,2919,2958,2976,3016,,195229,
854,מזכרת בתיה,מספר נבדקים,,,,,,,,,,,,,,,,,,,,,,,392,,407,,423,430,440,445,456,,77867,
855,מטה אשר,מספר נבדקים,,,,,,,,,,,,,,,,,,,,,,,,,,,,,,,,,,
856,מטה בנימין,מספר נבדקים,,,,,,,,,,,,,,,,,,,,,,,,,,,,,,,,,,
857,מטה יהודה,מספר נבדקים,,,,,,,,,,,,,,,,,,,,,,,,,,,,,,,,,,
858,מיתר,מספר נבדקים,,,,,,,,,,,,,,,,,,,,,,,341,,357,,376,382,385,389,394,,6367,
859,מנשה,מספר נבדקים,,,,,,,,,,,,,,,,,,,,,,,,,,,0,,,,,,,
860,מסעודין אל-עזאזמה,מספר נבדקים,,,,,,,,,,,,,,,,,,,,,,,25,,26,,27,31,31,31,31,,6926,
861,מעלה אדומים,מספר נבדקים,,,,,,,,,,,,,,,,,,,,,,,1002,,1094,,1162,1195,1211,1223,1255,,35717,
862,מעלה יוסף,מספר נבדקים,,,,,,,,,,,,,,,,,,,,,,,,,,,,,,,,,,
863,מעלה עירון,מספר נבדקים,,,,,,,,,,,,,,,,,,,,,,,155,,179,,194,215,233,240,259,,8807,
864,מעלות- תרשיחא,מספר נבדקים,,,,,,,,,,,,,,,,,,,,,,,235,,245,,319,342,349,374,381,,10345,
865,מצפה רמון,מספר נבדקים,,,,,,,,,,,,,,,,,,,,,,,,,172,,178,181,188,193,197,,23517,
866,מרום הגליל,מספר נבדקים,,,,,,,,,,,,,,,,,,,,,,,,,,,,,,,,,,
867,מרחבים,מספר נבדקים,,,,,,,,,,,,,,,,,,,,,,,,,,,,,,,,,,
868,משגב,מספר נבדקים,,,,,,,,,,,,,,,,,,,,,,,,,,,,,,,,,,
869,משהד,מספר נבדקים,,,,,,,,,,,,,,,,,,,,,,,58,,59,,65,65,65,67,70,,8649,
870,נהריה,מספר נבדקים,,,,,,,,,,,,,,,,,,,,,,,1057,,1094,,1127,1164,1192,1228,1241,,23751,
871,נווה מדבר,מספר נבדקים,,,,,,,,,,,,,,,,,,,,,,,,,,,,,,,,,,
872,נוף הגליל,מספר נבדקים,,,,,,,,,,,,,,,,,,,,,,,1041,,1080,,1122,1142,1174,1223,1308,,30267,
873,נחל שורק,מספר נבדקים,,,,,,,,,,,,,,,,,,,,,,,,,,,,,,,,,,
874,נחף,מספר נבדקים,,,,,,,,,,,,,,,,,,,,,,,101,,163,,206,245,339,373,398,,6648,
875,נס ציונה,מספר נבדקים,,,,,,,,,,,,,,,,,,,,,,,992,,1042,,1090,1102,1122,1131,1148,,7381,
876,נצרת,מספר נבדקים,,,,,,,,,,,,,,,,,,,,,,,761,,790,,869,890,920,972,1007,,20456,
877,נשר,מספר נבדקים,,,,,,,,,,,,,,,,,,,,,,,301,,322,,331,342,351,371,526,,14833,
878,נתיבות,מספר נבדקים,,,,,,,,,,,,,,,,,,,,,,,658,,715,,761,815,839,850,879,,38194,
879,נתניה,מספר נבדקים,,,,,,,,,,,,,,,,,,,,,,,3308,,3477,,3899,4173,4377,4501,4599,,213817,
880,סח'נין,מספר נבדקים,,,,,,,,,,,,,,,,,,,,,,,443,,491,,566,603,624,667,680,,7903,
881,עומר,מספר נבדקים,,,,,,,,,,,,,,,,,,,,,,,230,,238,,258,264,266,267,269,,46166,
882,עיילבון,מספר נבדקים,,,,,,,,,,,,,,,,,,,,,,,94,,108,,128,141,153,156,161,,10577,
883,עילוט,מספר נבדקים,,,,,,,,,,,,,,,,,,,,,,,30,,31,,48,65,78,100,126,,8241,
884,עין מאהל,מספר נבדקים,,,,,,,,,,,,,,,,,,,,,,,106,,115,,143,162,199,207,218,,13388,
885,עכו,מספר נבדקים,,,,,,,,,,,,,,,,,,,,,,,607,,639,,679,720,746,789,811,,7586,
886,עמק הירדן,מספר נבדקים,,,,,,,,,,,,,,,,,,,,,,,,,,,,,,,,,,
887,עמק המעיינות,מספר נבדקים,,,,,,,,,,,,,,,,,,,,,,,,,,,,,,,,,,
888,עמק חפר,מספר נבדקים,,,,,,,,,,,,,,,,,,,,,,,,,,,,,,,,,,
889,עמק יזרעאל,מספר נבדקים,,,,,,,,,,,,,,,,,,,,,,,,,,,,,,,,,,
890,עמק לוד,מספר נבדקים,,,,,,,,,,,,,,,,,,,,,,,,,,,,,,,,,,
891,עספיא,מספר נבדקים,,,,,,,,,,,,,,,,,,,,,,,240,,293,,339,475,478,483,487,,11089,
892,עפולה,מספר נבדקים,,,,,,,,,,,,,,,,,,,,,,,1084,,1125,,1177,1197,1211,1281,1382,,53883,
893,עראבה,מספר נבדקים,,,,,,,,,,,,,,,,,,,,,,,331,,359,,422,457,467,483,492,,16644,
894,ערבות הירדן,מספר נבדקים,,,,,,,,,,,,,,,,,,,,,,,,,,,,,,,,,,
895,ערד,מספר נבדקים,,,,,,,,,,,,,,,,,,,,,,,322,,342,,364,377,394,398,410,,8772,
896,ערערה,מספר נבדקים,,,,,,,,,,,,,,,,,,,,,,,424,,461,,497,514,523,551,567,,19667,
897,ערערה-בנגב,מספר נבדקים,,,,,,,,,,,,,,,,,,,,,,,71,,78,,92,109,113,114,152,,17465,
898,עתלית,מספר נבדקים,,,,,,,,,,,,,,,,,,,,,,,149,,151,,155,158,162,167,171,,40622,
899,פוריידיס,מספר נבדקים,,,,,,,,,,,,,,,,,,,,,,,118,,346,,360,369,376,384,398,,13133,
900,פקיעין (בוקייעה),מספר נבדקים,,,,,,,,,,,,,,,,,,,,,,,40,,56,,199,495,499,510,518,,5851,
901,פרדס חנה-כרכור,מספר נבדקים,,,,,,,,,,,,,,,,,,,,,,,577,,615,,657,680,690,811,971,,6350,
902,פרדסיה,מספר נבדקים,,,,,,,,,,,,,,,,,,,,,,,135,,136,,140,147,157,168,170,,13167,
903,פתח תקווה,מספר נבדקים,,,,,,,,,,,,,,,,,,,,,,,4774,,5070,,5329,5503,5615,5888,6107,,252869,
904,צור הדסה,מספר נבדקים,,,,,,,,,,,,,,,,,,,,,,,244,,272,,282,292,297,300,308,,7856,
905,צור יצחק,מספר נבדקים,,,,,,,,,,,,,,,,,,,,,,,126,,130,,131,134,141,144,147,,7543,
906,צפת,מספר נבדקים,,,,,,,,,,,,,,,,,,,,,,,600,,663,,700,740,751,772,792,,46146,
907,קדימה-צורן,מספר נבדקים,,,,,,,,,,,,,,,,,,,,,,,436,,445,,455,466,478,499,506,,40493,
908,קיסריה,מספר נבדקים,,,,,,,,,,,,,,,,,,,,,,,112,,118,,123,123,124,125,129,,5272,
909,קלנסווה,מספר נבדקים,,,,,,,,,,,,,,,,,,,,,,,224,,247,,293,315,325,377,420,,5677,
910,קצרין,מספר נבדקים,,,,,,,,,,,,,,,,,,,,,,,131,,141,,151,154,158,161,163,,69033,
911,קרית אונו,מספר נבדקים,,,,,,,,,,,,,,,,,,,,,,,1019,,1110,,1151,1175,1193,1216,1232,,5565,
912,קרית ארבע,מספר נבדקים,,,,,,,,,,,,,,,,,,,,,,,212,,221,,229,237,240,241,245,,31056,
913,קרית אתא,מספר נבדקים,,,,,,,,,,,,,,,,,,,,,,,784,,851,,889,921,1064,1105,1131,,24270,
914,קרית ביאליק,מספר נבדקים,,,,,,,,,,,,,,,,,,,,,,,567,,764,,871,1069,1117,1137,1150,,11148,
915,קרית גת,מספר נבדקים,,,,,,,,,,,,,,,,,,,,,,,854,,929,,1093,1129,1174,1184,1223,,13700,
916,קרית טבעון,מספר נבדקים,,,,,,,,,,,,,,,,,,,,,,,274,,289,,298,301,306,312,333,,9866,
917,קרית ים,מספר נבדקים,,,,,,,,,,,,,,,,,,,,,,,641,,678,,717,765,817,842,863,,12862,
918,קרית יערים,מספר נבדקים,,,,,,,,,,,,,,,,,,,,,,,408,,414,,418,419,419,422,433,,75832,
919,קרית מוצקין,מספר נבדקים,,,,,,,,,,,,,,,,,,,,,,,665,,722,,753,1137,1615,1646,1666,,6350,
920,קרית מלאכי,מספר נבדקים,,,,,,,,,,,,,,,,,,,,,,,423,,461,,486,497,506,513,539,,61019,
921,קרית עקרון,מספר נבדקים,,,,,,,,,,,,,,,,,,,,,,,199,,205,,218,226,239,241,244,,43128,
922,קרית שמונה,מספר נבדקים,,,,,,,,,,,,,,,,,,,,,,,316,,425,,447,460,465,480,494,,24761,
923,קרני שומרון,מספר נבדקים,,,,,,,,,,,,,,,,,,,,,,,115,,130,,134,136,137,140,145,,20425,
924,ראמה,מספר נבדקים,,,,,,,,,,,,,,,,,,,,,,,68,,77,,200,224,234,244,248,,8243,
925,ראש העין,מספר נבדקים,,,,,,,,,,,,,,,,,,,,,,,1262,,1365,,1420,1458,1489,1511,1560,,8194,
926,ראשון לציון,מספר נבדקים,,,,,,,,,,,,,,,,,,,,,,,5744,,6124,,6386,6495,6609,6681,6804,,246025,
927,רהט,מספר נבדקים,,,,,,,,,,,,,,,,,,,,,,,1015,,1126,,1308,1401,1444,1468,1501,,13113,
928,רחובות,מספר נבדקים,,,,,,,,,,,,,,,,,,,,,,,2710,,2875,,3198,3318,3441,3474,3568,,73632,
929,ריינה,מספר נבדקים,,,,,,,,,,,,,,,,,,,,,,,122,,125,,140,150,155,164,172,,16614,
930,רכסים,מספר נבדקים,,,,,,,,,,,,,,,,,,,,,,,213,,227,,248,255,258,262,274,,47982,
931,רמלה,מספר נבדקים,,,,,,,,,,,,,,,,,,,,,,,1346,,1477,,1598,1645,1689,1722,1763,,46884,
932,רמת גן,מספר נבדקים,,,,,,,,,,,,,,,,,,,,,,,3517,,4283,,4896,5040,5123,5206,5348,,123113,
933,רמת השרון,מספר נבדקים,,,,,,,,,,,,,,,,,,,,,,,1019,,1076,,1118,1137,1155,1238,1259,,60210,
934,רמת ישי,מספר נבדקים,,,,,,,,,,,,,,,,,,,,,,,168,,172,,178,183,183,186,189,,29035,
935,רמת נגב,מספר נבדקים,,,,,,,,,,,,,,,,,,,,,,,,,,,,,,,,,,
936,רעננה,מספר נבדקים,,,,,,,,,,,,,,,,,,,,,,,1669,,1747,,1831,1899,2288,2312,2339,,36913,
937,שבלי - אום אל-גנם,מספר נבדקים,,,,,,,,,,,,,,,,,,,,,,,139,,183,,,,217,225,229,,12110,
938,שגב-שלום,מספר נבדקים,,,,,,,,,,,,,,,,,,,,,,,25,,26,,30,39,40,43,45,,10310,
939,שדות נגב,מספר נבדקים,,,,,,,,,,,,,,,,,,,,,,,,,,,,,,,,,,
940,שדרות,מספר נבדקים,,,,,,,,,,,,,,,,,,,,,,,572,,630,,659,675,685,688,702,,38581,
941,שוהם,מספר נבדקים,,,,,,,,,,,,,,,,,,,,,,,665,,691,,716,728,737,741,747,,20990,
942,שומרון,מספר נבדקים,,,,,,,,,,,,,,,,,,,,,,,,,,,,,,,,,,
943,שלומי,מספר נבדקים,,,,,,,,,,,,,,,,,,,,,,,141,,153,,164,170,172,177,178,,11799,
944,שעב,מספר נבדקים,,,,,,,,,,,,,,,,,,,,,,,35,,46,,90,137,188,300,321,,7191,
945,שער הנגב,מספר נבדקים,,,,,,,,,,,,,,,,,,,,,,,,,,,,,,,,,,
946,שערי תקווה,מספר נבדקים,,,,,,,,,,,,,,,,,,,,,,,86,,98,,103,108,109,111,113,,5584,
947,שפיר,מספר נבדקים,,,,,,,,,,,,,,,,,,,,,,,,,,,,,,,,,,
948,שפרעם,מספר נבדקים,,,,,,,,,,,,,,,,,,,,,,,380,,449,,484,509,545,581,633,,6837,
949,תל אביב - יפו,מספר נבדקים,,,,,,,,,,,,,,,,,,,,,,,11013,,11831,,12325,12631,12793,13236,13578,,450192,
950,תל מונד,מספר נבדקים,,,,,,,,,,,,,,,,,,,,,,,276,,285,,300,305,311,313,318,,46306,
951,תל שבע,מספר נבדקים,,,,,,,,,,,,,,,,,,,,,,,47,,50,,60,84,85,87,88,,12141,
